district,mandal,village,lgd_village_code,latitude,longitude
Palnadu,Nuzendla,Mupparajuvaripalem,100001,16.0028,79.9161
Guntur,Chebrolu,Vadlamudi,100002,16.2421,80.5524
Palnadu,Gurazala,Gurazala,100003,16.6341,79.5701
Palnadu,Dachepalli,Nadikudi,100004,16.5985,79.8761
Palnadu,Narasaraopet,Jonnalagadda,100005,16.2625,80.0881
West Godavari,Narasapuram,Narasapuram,100006,16.4355,81.6924
West Godavari,Palakollu,Palakollu,100007,16.5194,81.7278
Alluri Sitharama Raju,Alluri Sitharama Raju Mandal 1,Srigudem V-1,100001,16.9338,76.7585
Alluri Sitharama Raju,Alluri Sitharama Raju Mandal 1,Sitapalle V-2,100002,17.044,76.5471
Alluri Sitharama Raju,Alluri Sitharama Raju Mandal 1,Pathagudem V-3,100003,16.9366,76.7182
Alluri Sitharama Raju,Alluri Sitharama Raju Mandal 1,Sitagudem V-4,100004,17.0817,76.748
Alluri Sitharama Raju,Alluri Sitharama Raju Mandal 1,Laxmigudem V-5,100005,17.0016,76.621
Alluri Sitharama Raju,Alluri Sitharama Raju Mandal 2,Kottavada V-6,100006,17.0763,76.6397
Alluri Sitharama Raju,Alluri Sitharama Raju Mandal 2,Chinnagudem V-7,100007,17.154,76.6386
Alluri Sitharama Raju,Alluri Sitharama Raju Mandal 2,Pathaur V-8,100008,16.8959,76.7918
Alluri Sitharama Raju,Alluri Sitharama Raju Mandal 2,Rangapatnam V-9,100009,17.109,76.7565
Alluri Sitharama Raju,Alluri Sitharama Raju Mandal 2,Sitapalle V-10,100010,17.1588,76.6511
Alluri Sitharama Raju,Alluri Sitharama Raju Mandal 3,Sitapatnam V-11,100011,17.1157,76.7231
Alluri Sitharama Raju,Alluri Sitharama Raju Mandal 3,Ramamanda V-12,100012,16.9245,76.5584
Alluri Sitharama Raju,Alluri Sitharama Raju Mandal 3,Peddapatnam V-13,100013,17.1624,76.7942
Alluri Sitharama Raju,Alluri Sitharama Raju Mandal 3,Pathaur V-14,100014,16.9502,76.7283
Alluri Sitharama Raju,Alluri Sitharama Raju Mandal 3,Ramavada V-15,100015,16.9779,76.6004
Alluri Sitharama Raju,Alluri Sitharama Raju Mandal 4,Sripalle V-16,100016,17.0496,76.5889
Alluri Sitharama Raju,Alluri Sitharama Raju Mandal 4,Peddavada V-17,100017,17.0055,76.6186
Alluri Sitharama Raju,Alluri Sitharama Raju Mandal 4,Sitagudem V-18,100018,17.0722,76.7904
Alluri Sitharama Raju,Alluri Sitharama Raju Mandal 4,Kottagudem V-19,100019,17.1134,76.7791
Alluri Sitharama Raju,Alluri Sitharama Raju Mandal 4,Laxmipatnam V-20,100020,16.8867,76.8115
Alluri Sitharama Raju,Alluri Sitharama Raju Mandal 5,Rangalanka V-21,100021,16.9306,76.6874
Alluri Sitharama Raju,Alluri Sitharama Raju Mandal 5,Venkatavada V-22,100022,16.9463,76.6116
Alluri Sitharama Raju,Alluri Sitharama Raju Mandal 5,Sitaparru V-23,100023,16.9457,76.713
Alluri Sitharama Raju,Alluri Sitharama Raju Mandal 5,Rangaur V-24,100024,16.9754,76.8368
Alluri Sitharama Raju,Alluri Sitharama Raju Mandal 5,Chinnaparru V-25,100025,17.0149,76.7643
Alluri Sitharama Raju,Alluri Sitharama Raju Mandal 6,Pathavada V-26,100026,17.0551,76.7752
Alluri Sitharama Raju,Alluri Sitharama Raju Mandal 6,Laxmimanda V-27,100027,16.8859,76.6521
Alluri Sitharama Raju,Alluri Sitharama Raju Mandal 6,Venkataparru V-28,100028,16.9423,76.7035
Alluri Sitharama Raju,Alluri Sitharama Raju Mandal 6,Kottapalle V-29,100029,17.0714,76.6987
Alluri Sitharama Raju,Alluri Sitharama Raju Mandal 6,Srilanka V-30,100030,16.9003,76.668
Alluri Sitharama Raju,Alluri Sitharama Raju Mandal 7,Venkatapuram V-31,100031,17.153,76.8003
Alluri Sitharama Raju,Alluri Sitharama Raju Mandal 7,Sriparru V-32,100032,17.0954,76.6899
Alluri Sitharama Raju,Alluri Sitharama Raju Mandal 7,Pathapatnam V-33,100033,17.1193,76.6899
Alluri Sitharama Raju,Alluri Sitharama Raju Mandal 7,Peddavada V-34,100034,16.979,76.586
Alluri Sitharama Raju,Alluri Sitharama Raju Mandal 7,Sitapuram V-35,100035,17.0465,76.6842
Alluri Sitharama Raju,Alluri Sitharama Raju Mandal 8,Pathalanka V-36,100036,17.1305,76.7871
Alluri Sitharama Raju,Alluri Sitharama Raju Mandal 8,Srigudem V-37,100037,16.8842,76.801
Alluri Sitharama Raju,Alluri Sitharama Raju Mandal 8,Pathapalle V-38,100038,17.0864,76.7824
Alluri Sitharama Raju,Alluri Sitharama Raju Mandal 8,Sitavada V-39,100039,16.9054,76.6802
Alluri Sitharama Raju,Alluri Sitharama Raju Mandal 8,Sitavada V-40,100040,16.9464,76.7993
Alluri Sitharama Raju,Alluri Sitharama Raju Mandal 9,Laxmigudem V-41,100041,17.1455,76.7642
Alluri Sitharama Raju,Alluri Sitharama Raju Mandal 9,Peddapatnam V-42,100042,16.9865,76.7391
Alluri Sitharama Raju,Alluri Sitharama Raju Mandal 9,Ramacherla V-43,100043,17.1367,76.673
Alluri Sitharama Raju,Alluri Sitharama Raju Mandal 9,Peddagudem V-44,100044,16.8861,76.5439
Alluri Sitharama Raju,Alluri Sitharama Raju Mandal 9,Sitagudem V-45,100045,17.0434,76.5397
Anakapalli,Anakapalli Mandal 1,Pathapuram V-1,100046,17.501,76.8128
Anakapalli,Anakapalli Mandal 1,Peddapatnam V-2,100047,17.4438,76.8558
Anakapalli,Anakapalli Mandal 1,Chinnamanda V-3,100048,17.416,76.8645
Anakapalli,Anakapalli Mandal 1,Venkataur V-4,100049,17.3002,76.8206
Anakapalli,Anakapalli Mandal 1,Laxmilanka V-5,100050,17.3702,76.9317
Anakapalli,Anakapalli Mandal 2,Kottapalle V-6,100051,17.2613,77.01
Anakapalli,Anakapalli Mandal 2,Pathagudem V-7,100052,17.3006,76.9524
Anakapalli,Anakapalli Mandal 2,Chinnaur V-8,100053,17.2982,76.9303
Anakapalli,Anakapalli Mandal 2,Pathacherla V-9,100054,17.4855,77.0483
Anakapalli,Anakapalli Mandal 2,Pathapuram V-10,100055,17.4388,76.9537
Anakapalli,Anakapalli Mandal 3,Kottapalle V-11,100056,17.521,77.0462
Anakapalli,Anakapalli Mandal 3,Chinnaur V-12,100057,17.3888,76.8557
Anakapalli,Anakapalli Mandal 3,Laxmipuram V-13,100058,17.2925,76.7922
Anakapalli,Anakapalli Mandal 3,Laxmipatnam V-14,100059,17.5211,77.0271
Anakapalli,Anakapalli Mandal 3,Sriur V-15,100060,17.4521,77.0107
Anakapalli,Anakapalli Mandal 4,Sitacherla V-16,100061,17.2896,76.8806
Anakapalli,Anakapalli Mandal 4,Kottamanda V-17,100062,17.4638,76.8098
Anakapalli,Anakapalli Mandal 4,Ramapuram V-18,100063,17.2582,76.9346
Anakapalli,Anakapalli Mandal 4,Sitavada V-19,100064,17.2602,76.9439
Anakapalli,Anakapalli Mandal 4,Chinnapalle V-20,100065,17.4216,76.9941
Anakapalli,Anakapalli Mandal 5,Peddaur V-21,100066,17.2791,77.0586
Anakapalli,Anakapalli Mandal 5,Peddamanda V-22,100067,17.4215,76.9774
Anakapalli,Anakapalli Mandal 5,Laxmimanda V-23,100068,17.4127,76.8865
Anakapalli,Anakapalli Mandal 5,Srigudem V-24,100069,17.444,76.8858
Anakapalli,Anakapalli Mandal 5,Sriur V-25,100070,17.2824,76.9852
Anakapalli,Anakapalli Mandal 6,Venkatalanka V-26,100071,17.5218,77.0723
Anakapalli,Anakapalli Mandal 6,Kottacherla V-27,100072,17.4295,76.9605
Anakapalli,Anakapalli Mandal 6,Pathapalle V-28,100073,17.4044,76.9433
Anakapalli,Anakapalli Mandal 6,Chinnalanka V-29,100074,17.5074,77.0553
Anakapalli,Anakapalli Mandal 6,Ramapatnam V-30,100075,17.2904,77.0417
Anakapalli,Anakapalli Mandal 7,Srimanda V-31,100076,17.5383,77.0337
Anakapalli,Anakapalli Mandal 7,Sitapuram V-32,100077,17.4435,76.9579
Anakapalli,Anakapalli Mandal 7,Pathavada V-33,100078,17.3225,77.0585
Anakapalli,Anakapalli Mandal 7,Sitavada V-34,100079,17.3248,76.973
Anakapalli,Anakapalli Mandal 7,Ramagudem V-35,100080,17.4494,77.0474
Anakapalli,Anakapalli Mandal 8,Sitacherla V-36,100081,17.3185,77.064
Anakapalli,Anakapalli Mandal 8,Kottapalle V-37,100082,17.4334,77.0404
Anakapalli,Anakapalli Mandal 8,Kottapuram V-38,100083,17.3432,76.8308
Anakapalli,Anakapalli Mandal 8,Srivada V-39,100084,17.4655,76.9571
Anakapalli,Anakapalli Mandal 8,Laxmiparru V-40,100085,17.246,76.8141
Anakapalli,Anakapalli Mandal 9,Chinnaparru V-41,100086,17.2539,76.9023
Anakapalli,Anakapalli Mandal 9,Sitavada V-42,100087,17.3721,76.8041
Anakapalli,Anakapalli Mandal 9,Ramapuram V-43,100088,17.5128,76.8546
Anakapalli,Anakapalli Mandal 9,Peddapalle V-44,100089,17.3492,76.9595
Anakapalli,Anakapalli Mandal 9,Laxmimanda V-45,100090,17.468,77.0693
Ananthapuramu,Ananthapuramu Mandal 1,Chinnaur V-1,100091,14.6595,77.7897
Ananthapuramu,Ananthapuramu Mandal 1,Ramaur V-2,100092,14.8927,77.828
Ananthapuramu,Ananthapuramu Mandal 1,Peddapatnam V-3,100093,14.6998,77.7791
Ananthapuramu,Ananthapuramu Mandal 1,Laxmipuram V-4,100094,14.9096,77.6355
Ananthapuramu,Ananthapuramu Mandal 1,Venkatalanka V-5,100095,14.7436,77.8074
Ananthapuramu,Ananthapuramu Mandal 2,Peddagudem V-6,100096,14.6592,77.6267
Ananthapuramu,Ananthapuramu Mandal 2,Ramapatnam V-7,100097,14.9114,77.8588
Ananthapuramu,Ananthapuramu Mandal 2,Srilanka V-8,100098,14.8445,77.6887
Ananthapuramu,Ananthapuramu Mandal 2,Sitalanka V-9,100099,14.9338,77.6034
Ananthapuramu,Ananthapuramu Mandal 2,Srivada V-10,100100,14.8262,77.8638
Ananthapuramu,Ananthapuramu Mandal 3,Kottapalle V-11,100101,14.831,77.6725
Ananthapuramu,Ananthapuramu Mandal 3,Ramaur V-12,100102,14.8339,77.7222
Ananthapuramu,Ananthapuramu Mandal 3,Laxmimanda V-13,100103,14.7091,77.5821
Ananthapuramu,Ananthapuramu Mandal 3,Laxmipuram V-14,100104,14.808,77.8107
Ananthapuramu,Ananthapuramu Mandal 3,Peddalanka V-15,100105,14.7814,77.8534
Ananthapuramu,Ananthapuramu Mandal 4,Ramamanda V-16,100106,14.7462,77.8232
Ananthapuramu,Ananthapuramu Mandal 4,Sriparru V-17,100107,14.7448,77.6913
Ananthapuramu,Ananthapuramu Mandal 4,Laxmipatnam V-18,100108,14.8184,77.6263
Ananthapuramu,Ananthapuramu Mandal 4,Laxmivada V-19,100109,14.8367,77.659
Ananthapuramu,Ananthapuramu Mandal 4,Sitapuram V-20,100110,14.7432,77.6318
Ananthapuramu,Ananthapuramu Mandal 5,Rangamanda V-21,100111,14.8485,77.7083
Ananthapuramu,Ananthapuramu Mandal 5,Venkatagudem V-22,100112,14.8054,77.8069
Ananthapuramu,Ananthapuramu Mandal 5,Chinnapalle V-23,100113,14.7372,77.7679
Ananthapuramu,Ananthapuramu Mandal 5,Rangalanka V-24,100114,14.6801,77.8544
Ananthapuramu,Ananthapuramu Mandal 5,Peddapatnam V-25,100115,14.7194,77.6285
Ananthapuramu,Ananthapuramu Mandal 6,Kottapuram V-26,100116,14.7255,77.7113
Ananthapuramu,Ananthapuramu Mandal 6,Pathacherla V-27,100117,14.7764,77.7577
Ananthapuramu,Ananthapuramu Mandal 6,Peddaur V-28,100118,14.8004,77.642
Ananthapuramu,Ananthapuramu Mandal 6,Kottapalle V-29,100119,14.8856,77.6344
Ananthapuramu,Ananthapuramu Mandal 6,Sitacherla V-30,100120,14.6671,77.6435
Ananthapuramu,Ananthapuramu Mandal 7,Pathacherla V-31,100121,14.6921,77.7082
Ananthapuramu,Ananthapuramu Mandal 7,Sitaparru V-32,100122,14.8307,77.8538
Ananthapuramu,Ananthapuramu Mandal 7,Venkatamanda V-33,100123,14.8966,77.8364
Ananthapuramu,Ananthapuramu Mandal 7,Laxmiparru V-34,100124,14.7858,77.6165
Ananthapuramu,Ananthapuramu Mandal 7,Venkatacherla V-35,100125,14.7298,77.6429
Ananthapuramu,Ananthapuramu Mandal 8,Sriparru V-36,100126,14.7974,77.6405
Ananthapuramu,Ananthapuramu Mandal 8,Venkatapalle V-37,100127,14.8661,77.6391
Ananthapuramu,Ananthapuramu Mandal 8,Ramalanka V-38,100128,14.92,77.5929
Ananthapuramu,Ananthapuramu Mandal 8,Chinnagudem V-39,100129,14.767,77.6146
Ananthapuramu,Ananthapuramu Mandal 8,Peddapalle V-40,100130,14.7765,77.668
Ananthapuramu,Ananthapuramu Mandal 9,Venkataur V-41,100131,14.6707,77.8186
Ananthapuramu,Ananthapuramu Mandal 9,Laxmimanda V-42,100132,14.9359,77.5746
Ananthapuramu,Ananthapuramu Mandal 9,Rangaur V-43,100133,14.7951,77.8516
Ananthapuramu,Ananthapuramu Mandal 9,Sriur V-44,100134,14.9081,77.8548
Ananthapuramu,Ananthapuramu Mandal 9,Laxmiparru V-45,100135,14.8763,77.7326
Annamayya,Annamayya Mandal 1,Peddapatnam V-1,100136,16.7986,78.0127
Annamayya,Annamayya Mandal 1,Ramaur V-2,100137,16.8851,78.2562
Annamayya,Annamayya Mandal 1,Chinnamanda V-3,100138,16.8281,78.2761
Annamayya,Annamayya Mandal 1,Rangamanda V-4,100139,16.8668,78.0292
Annamayya,Annamayya Mandal 1,Laxmivada V-5,100140,16.9279,78.0586
Annamayya,Annamayya Mandal 2,Sriur V-6,100141,16.7661,78.1405
Annamayya,Annamayya Mandal 2,Ramaur V-7,100142,16.7514,78.2894
Annamayya,Annamayya Mandal 2,Laxmipatnam V-8,100143,16.9184,78.1451
Annamayya,Annamayya Mandal 2,Sitapuram V-9,100144,16.9679,78.109
Annamayya,Annamayya Mandal 2,Pathapuram V-10,100145,16.8942,78.2889
Annamayya,Annamayya Mandal 3,Peddapuram V-11,100146,16.8543,78.0756
Annamayya,Annamayya Mandal 3,Venkatapalle V-12,100147,16.8371,78.0694
Annamayya,Annamayya Mandal 3,Srilanka V-13,100148,16.7182,78.1862
Annamayya,Annamayya Mandal 3,Pathavada V-14,100149,16.9573,78.0365
Annamayya,Annamayya Mandal 3,Kottapatnam V-15,100150,16.8406,78.2764
Annamayya,Annamayya Mandal 4,Laxmiur V-16,100151,16.9503,78.0635
Annamayya,Annamayya Mandal 4,Rangagudem V-17,100152,16.6985,78.2358
Annamayya,Annamayya Mandal 4,Rangapalle V-18,100153,16.9068,78.1738
Annamayya,Annamayya Mandal 4,Kottalanka V-19,100154,16.8277,78.2025
Annamayya,Annamayya Mandal 4,Pathaparru V-20,100155,16.8622,78.0078
Annamayya,Annamayya Mandal 5,Laxmicherla V-21,100156,16.6996,78.2923
Annamayya,Annamayya Mandal 5,Venkatavada V-22,100157,16.7985,78.2242
Annamayya,Annamayya Mandal 5,Srimanda V-23,100158,16.9103,78.1655
Annamayya,Annamayya Mandal 5,Venkatacherla V-24,100159,16.7986,78.2233
Annamayya,Annamayya Mandal 5,Srilanka V-25,100160,16.9234,78.2533
Annamayya,Annamayya Mandal 6,Pathapatnam V-26,100161,16.9324,78.0772
Annamayya,Annamayya Mandal 6,Venkatamanda V-27,100162,16.851,78.1177
Annamayya,Annamayya Mandal 6,Kottacherla V-28,100163,16.9232,78.0586
Annamayya,Annamayya Mandal 6,Peddalanka V-29,100164,16.9072,78.1061
Annamayya,Annamayya Mandal 6,Rangapatnam V-30,100165,16.8346,78.159
Annamayya,Annamayya Mandal 7,Peddapalle V-31,100166,16.7403,78.126
Annamayya,Annamayya Mandal 7,Sitagudem V-32,100167,16.8751,78.1978
Annamayya,Annamayya Mandal 7,Venkatacherla V-33,100168,16.9058,78.032
Annamayya,Annamayya Mandal 7,Peddaur V-34,100169,16.8754,78.0959
Annamayya,Annamayya Mandal 7,Rangalanka V-35,100170,16.8099,78.1633
Annamayya,Annamayya Mandal 8,Laxmiparru V-36,100171,16.7671,78.2149
Annamayya,Annamayya Mandal 8,Sripatnam V-37,100172,16.7433,78.0402
Annamayya,Annamayya Mandal 8,Peddalanka V-38,100173,16.7038,78.1648
Annamayya,Annamayya Mandal 8,Chinnagudem V-39,100174,16.7328,78.1493
Annamayya,Annamayya Mandal 8,Rangaparru V-40,100175,16.8469,78.2982
Annamayya,Annamayya Mandal 9,Peddapatnam V-41,100176,16.7361,78.0579
Annamayya,Annamayya Mandal 9,Kottaparru V-42,100177,16.7059,78.0177
Annamayya,Annamayya Mandal 9,Kottaparru V-43,100178,16.7555,78.2873
Annamayya,Annamayya Mandal 9,Venkatapalle V-44,100179,16.9297,78.1763
Annamayya,Annamayya Mandal 9,Venkatacherla V-45,100180,16.8,78.0593
Bapatla,Bapatla Mandal 1,Venkatapalle V-1,100181,13.8792,83.5282
Bapatla,Bapatla Mandal 1,Pathamanda V-2,100182,13.8214,83.4241
Bapatla,Bapatla Mandal 1,Chinnamanda V-3,100183,13.9173,83.4335
Bapatla,Bapatla Mandal 1,Peddapalle V-4,100184,13.8,83.5328
Bapatla,Bapatla Mandal 1,Rangamanda V-5,100185,13.7003,83.5647
Bapatla,Bapatla Mandal 2,Venkatacherla V-6,100186,13.7218,83.5845
Bapatla,Bapatla Mandal 2,Laxmipatnam V-7,100187,13.8032,83.426
Bapatla,Bapatla Mandal 2,Pathagudem V-8,100188,13.8202,83.4874
Bapatla,Bapatla Mandal 2,Pathavada V-9,100189,13.7045,83.5736
Bapatla,Bapatla Mandal 2,Chinnapuram V-10,100190,13.7551,83.6148
Bapatla,Bapatla Mandal 3,Venkatapatnam V-11,100191,13.6424,83.4944
Bapatla,Bapatla Mandal 3,Sricherla V-12,100192,13.6539,83.478
Bapatla,Bapatla Mandal 3,Srimanda V-13,100193,13.8309,83.6881
Bapatla,Bapatla Mandal 3,Laxmipalle V-14,100194,13.7959,83.6023
Bapatla,Bapatla Mandal 3,Srivada V-15,100195,13.654,83.4578
Bapatla,Bapatla Mandal 4,Srimanda V-16,100196,13.8573,83.5787
Bapatla,Bapatla Mandal 4,Sricherla V-17,100197,13.6699,83.6146
Bapatla,Bapatla Mandal 4,Laxmipatnam V-18,100198,13.7827,83.5561
Bapatla,Bapatla Mandal 4,Pathamanda V-19,100199,13.6445,83.5376
Bapatla,Bapatla Mandal 4,Ramamanda V-20,100200,13.7077,83.4354
Bapatla,Bapatla Mandal 5,Rangamanda V-21,100201,13.9178,83.7078
Bapatla,Bapatla Mandal 5,Srimanda V-22,100202,13.6446,83.6349
Bapatla,Bapatla Mandal 5,Venkataparru V-23,100203,13.828,83.6828
Bapatla,Bapatla Mandal 5,Chinnamanda V-24,100204,13.7633,83.6523
Bapatla,Bapatla Mandal 5,Pathacherla V-25,100205,13.737,83.508
Bapatla,Bapatla Mandal 6,Pathavada V-26,100206,13.7315,83.6161
Bapatla,Bapatla Mandal 6,Sriur V-27,100207,13.8766,83.573
Bapatla,Bapatla Mandal 6,Venkatapalle V-28,100208,13.7269,83.505
Bapatla,Bapatla Mandal 6,Laxmiparru V-29,100209,13.8801,83.4083
Bapatla,Bapatla Mandal 6,Sitacherla V-30,100210,13.7565,83.4643
Bapatla,Bapatla Mandal 7,Ramamanda V-31,100211,13.8595,83.5956
Bapatla,Bapatla Mandal 7,Kottagudem V-32,100212,13.7127,83.4473
Bapatla,Bapatla Mandal 7,Sricherla V-33,100213,13.8968,83.5534
Bapatla,Bapatla Mandal 7,Kottamanda V-34,100214,13.8724,83.6209
Bapatla,Bapatla Mandal 7,Sriparru V-35,100215,13.6367,83.5304
Bapatla,Bapatla Mandal 8,Peddapalle V-36,100216,13.771,83.4432
Bapatla,Bapatla Mandal 8,Chinnacherla V-37,100217,13.9124,83.4955
Bapatla,Bapatla Mandal 8,Sriur V-38,100218,13.883,83.7021
Bapatla,Bapatla Mandal 8,Peddacherla V-39,100219,13.798,83.5231
Bapatla,Bapatla Mandal 8,Rangaparru V-40,100220,13.8565,83.4489
Bapatla,Bapatla Mandal 9,Pathapatnam V-41,100221,13.8644,83.6643
Bapatla,Bapatla Mandal 9,Ramaparru V-42,100222,13.7127,83.4087
Bapatla,Bapatla Mandal 9,Srimanda V-43,100223,13.8065,83.606
Bapatla,Bapatla Mandal 9,Chinnacherla V-44,100224,13.7941,83.5115
Bapatla,Bapatla Mandal 9,Sitaparru V-45,100225,13.7457,83.6878
Chittoor,Chittoor Mandal 1,Peddamanda V-1,100226,18.2477,83.9626
Chittoor,Chittoor Mandal 1,Laxmipuram V-2,100227,18.2283,83.8477
Chittoor,Chittoor Mandal 1,Laxmiur V-3,100228,18.4293,83.9435
Chittoor,Chittoor Mandal 1,Chinnacherla V-4,100229,18.4223,83.7437
Chittoor,Chittoor Mandal 1,Rangalanka V-5,100230,18.3937,83.9681
Chittoor,Chittoor Mandal 2,Venkatapalle V-6,100231,18.2906,83.8429
Chittoor,Chittoor Mandal 2,Chinnaur V-7,100232,18.3941,83.9968
Chittoor,Chittoor Mandal 2,Pathacherla V-8,100233,18.3673,83.7853
Chittoor,Chittoor Mandal 2,Rangaur V-9,100234,18.3278,83.9613
Chittoor,Chittoor Mandal 2,Sitaur V-10,100235,18.4191,83.8938
Chittoor,Chittoor Mandal 3,Venkataparru V-11,100236,18.1436,83.7263
Chittoor,Chittoor Mandal 3,Srigudem V-12,100237,18.3568,83.836
Chittoor,Chittoor Mandal 3,Pathapalle V-13,100238,18.2659,83.914
Chittoor,Chittoor Mandal 3,Kottapuram V-14,100239,18.2301,83.7226
Chittoor,Chittoor Mandal 3,Ramalanka V-15,100240,18.262,83.7791
Chittoor,Chittoor Mandal 4,Laxmimanda V-16,100241,18.3373,83.7598
Chittoor,Chittoor Mandal 4,Chinnapalle V-17,100242,18.3157,83.8206
Chittoor,Chittoor Mandal 4,Peddacherla V-18,100243,18.4067,83.7487
Chittoor,Chittoor Mandal 4,Venkatapatnam V-19,100244,18.2707,83.9059
Chittoor,Chittoor Mandal 4,Venkatapatnam V-20,100245,18.3361,83.7532
Chittoor,Chittoor Mandal 5,Venkatalanka V-21,100246,18.4291,83.7956
Chittoor,Chittoor Mandal 5,Laxmipatnam V-22,100247,18.2699,83.7964
Chittoor,Chittoor Mandal 5,Laxmicherla V-23,100248,18.1648,83.8202
Chittoor,Chittoor Mandal 5,Ramamanda V-24,100249,18.2216,83.9156
Chittoor,Chittoor Mandal 5,Kottaur V-25,100250,18.2152,83.8756
Chittoor,Chittoor Mandal 6,Kottamanda V-26,100251,18.3564,83.9557
Chittoor,Chittoor Mandal 6,Srigudem V-27,100252,18.3149,83.8115
Chittoor,Chittoor Mandal 6,Peddamanda V-28,100253,18.208,83.9325
Chittoor,Chittoor Mandal 6,Chinnapalle V-29,100254,18.4038,83.8997
Chittoor,Chittoor Mandal 6,Sricherla V-30,100255,18.1428,83.8153
Chittoor,Chittoor Mandal 7,Chinnapalle V-31,100256,18.4057,83.8038
Chittoor,Chittoor Mandal 7,Laxmivada V-32,100257,18.193,83.9418
Chittoor,Chittoor Mandal 7,Ramaparru V-33,100258,18.2833,83.7876
Chittoor,Chittoor Mandal 7,Chinnapatnam V-34,100259,18.407,83.9891
Chittoor,Chittoor Mandal 7,Srilanka V-35,100260,18.3741,83.8463
Chittoor,Chittoor Mandal 8,Pathavada V-36,100261,18.3591,83.7735
Chittoor,Chittoor Mandal 8,Laxmiparru V-37,100262,18.2425,83.943
Chittoor,Chittoor Mandal 8,Kottapatnam V-38,100263,18.2938,83.8422
Chittoor,Chittoor Mandal 8,Srimanda V-39,100264,18.2471,83.8974
Chittoor,Chittoor Mandal 8,Ramapalle V-40,100265,18.3353,83.8473
Chittoor,Chittoor Mandal 9,Rangaparru V-41,100266,18.2312,83.8888
Chittoor,Chittoor Mandal 9,Pathacherla V-42,100267,18.4056,83.7965
Chittoor,Chittoor Mandal 9,Laxmipalle V-43,100268,18.1747,83.9897
Chittoor,Chittoor Mandal 9,Sricherla V-44,100269,18.1676,83.7762
Chittoor,Chittoor Mandal 9,Sitavada V-45,100270,18.2494,83.8171
Dr. B.R. Ambedkar Konaseema,Dr. B.R. Ambedkar Konaseema Mandal 1,Sitaur V-1,100271,18.7478,81.7916
Dr. B.R. Ambedkar Konaseema,Dr. B.R. Ambedkar Konaseema Mandal 1,Laxmipalle V-2,100272,18.8217,81.7583
Dr. B.R. Ambedkar Konaseema,Dr. B.R. Ambedkar Konaseema Mandal 1,Sripuram V-3,100273,18.7787,81.6388
Dr. B.R. Ambedkar Konaseema,Dr. B.R. Ambedkar Konaseema Mandal 1,Venkatagudem V-4,100274,18.8282,81.6034
Dr. B.R. Ambedkar Konaseema,Dr. B.R. Ambedkar Konaseema Mandal 1,Ramaparru V-5,100275,18.8421,81.7671
Dr. B.R. Ambedkar Konaseema,Dr. B.R. Ambedkar Konaseema Mandal 2,Kottaur V-6,100276,18.6544,81.8641
Dr. B.R. Ambedkar Konaseema,Dr. B.R. Ambedkar Konaseema Mandal 2,Venkatapalle V-7,100277,18.7704,81.7661
Dr. B.R. Ambedkar Konaseema,Dr. B.R. Ambedkar Konaseema Mandal 2,Rangapuram V-8,100278,18.5868,81.6737
Dr. B.R. Ambedkar Konaseema,Dr. B.R. Ambedkar Konaseema Mandal 2,Chinnamanda V-9,100279,18.6332,81.8226
Dr. B.R. Ambedkar Konaseema,Dr. B.R. Ambedkar Konaseema Mandal 2,Sitagudem V-10,100280,18.7475,81.8175
Dr. B.R. Ambedkar Konaseema,Dr. B.R. Ambedkar Konaseema Mandal 3,Peddalanka V-11,100281,18.8039,81.8102
Dr. B.R. Ambedkar Konaseema,Dr. B.R. Ambedkar Konaseema Mandal 3,Rangapuram V-12,100282,18.6548,81.8688
Dr. B.R. Ambedkar Konaseema,Dr. B.R. Ambedkar Konaseema Mandal 3,Chinnaparru V-13,100283,18.6468,81.626
Dr. B.R. Ambedkar Konaseema,Dr. B.R. Ambedkar Konaseema Mandal 3,Kottavada V-14,100284,18.5761,81.8106
Dr. B.R. Ambedkar Konaseema,Dr. B.R. Ambedkar Konaseema Mandal 3,Peddamanda V-15,100285,18.6687,81.6259
Dr. B.R. Ambedkar Konaseema,Dr. B.R. Ambedkar Konaseema Mandal 4,Kottavada V-16,100286,18.7941,81.7315
Dr. B.R. Ambedkar Konaseema,Dr. B.R. Ambedkar Konaseema Mandal 4,Pathacherla V-17,100287,18.7061,81.6822
Dr. B.R. Ambedkar Konaseema,Dr. B.R. Ambedkar Konaseema Mandal 4,Rangapalle V-18,100288,18.7072,81.6401
Dr. B.R. Ambedkar Konaseema,Dr. B.R. Ambedkar Konaseema Mandal 4,Rangapuram V-19,100289,18.7898,81.8463
Dr. B.R. Ambedkar Konaseema,Dr. B.R. Ambedkar Konaseema Mandal 4,Sitapatnam V-20,100290,18.709,81.8628
Dr. B.R. Ambedkar Konaseema,Dr. B.R. Ambedkar Konaseema Mandal 5,Kottacherla V-21,100291,18.8258,81.7015
Dr. B.R. Ambedkar Konaseema,Dr. B.R. Ambedkar Konaseema Mandal 5,Pathacherla V-22,100292,18.7853,81.7067
Dr. B.R. Ambedkar Konaseema,Dr. B.R. Ambedkar Konaseema Mandal 5,Pathalanka V-23,100293,18.7541,81.5933
Dr. B.R. Ambedkar Konaseema,Dr. B.R. Ambedkar Konaseema Mandal 5,Srimanda V-24,100294,18.7615,81.7381
Dr. B.R. Ambedkar Konaseema,Dr. B.R. Ambedkar Konaseema Mandal 5,Ramaur V-25,100295,18.87,81.7328
Dr. B.R. Ambedkar Konaseema,Dr. B.R. Ambedkar Konaseema Mandal 6,Venkataparru V-26,100296,18.7532,81.6034
Dr. B.R. Ambedkar Konaseema,Dr. B.R. Ambedkar Konaseema Mandal 6,Pathaparru V-27,100297,18.7878,81.6381
Dr. B.R. Ambedkar Konaseema,Dr. B.R. Ambedkar Konaseema Mandal 6,Venkatagudem V-28,100298,18.6957,81.8219
Dr. B.R. Ambedkar Konaseema,Dr. B.R. Ambedkar Konaseema Mandal 6,Laxmiur V-29,100299,18.7905,81.6674
Dr. B.R. Ambedkar Konaseema,Dr. B.R. Ambedkar Konaseema Mandal 6,Ramapatnam V-30,100300,18.6839,81.6194
Dr. B.R. Ambedkar Konaseema,Dr. B.R. Ambedkar Konaseema Mandal 7,Venkatapalle V-31,100301,18.599,81.5992
Dr. B.R. Ambedkar Konaseema,Dr. B.R. Ambedkar Konaseema Mandal 7,Laxmipalle V-32,100302,18.795,81.6854
Dr. B.R. Ambedkar Konaseema,Dr. B.R. Ambedkar Konaseema Mandal 7,Chinnaparru V-33,100303,18.5896,81.8606
Dr. B.R. Ambedkar Konaseema,Dr. B.R. Ambedkar Konaseema Mandal 7,Sitalanka V-34,100304,18.7726,81.6969
Dr. B.R. Ambedkar Konaseema,Dr. B.R. Ambedkar Konaseema Mandal 7,Laxmipuram V-35,100305,18.8621,81.7538
Dr. B.R. Ambedkar Konaseema,Dr. B.R. Ambedkar Konaseema Mandal 8,Ramapalle V-36,100306,18.745,81.6375
Dr. B.R. Ambedkar Konaseema,Dr. B.R. Ambedkar Konaseema Mandal 8,Venkatagudem V-37,100307,18.8258,81.6787
Dr. B.R. Ambedkar Konaseema,Dr. B.R. Ambedkar Konaseema Mandal 8,Sitalanka V-38,100308,18.6061,81.6572
Dr. B.R. Ambedkar Konaseema,Dr. B.R. Ambedkar Konaseema Mandal 8,Peddaur V-39,100309,18.8251,81.866
Dr. B.R. Ambedkar Konaseema,Dr. B.R. Ambedkar Konaseema Mandal 8,Rangamanda V-40,100310,18.7741,81.7407
Dr. B.R. Ambedkar Konaseema,Dr. B.R. Ambedkar Konaseema Mandal 9,Rangapatnam V-41,100311,18.5803,81.6556
Dr. B.R. Ambedkar Konaseema,Dr. B.R. Ambedkar Konaseema Mandal 9,Srilanka V-42,100312,18.6769,81.6281
Dr. B.R. Ambedkar Konaseema,Dr. B.R. Ambedkar Konaseema Mandal 9,Chinnamanda V-43,100313,18.7688,81.5945
Dr. B.R. Ambedkar Konaseema,Dr. B.R. Ambedkar Konaseema Mandal 9,Kottapalle V-44,100314,18.7954,81.6382
Dr. B.R. Ambedkar Konaseema,Dr. B.R. Ambedkar Konaseema Mandal 9,Laxmicherla V-45,100315,18.6739,81.6846
Eluru,Eluru Mandal 1,Rangamanda V-1,100316,17.3443,82.192
Eluru,Eluru Mandal 1,Chinnamanda V-2,100317,17.3337,82.2007
Eluru,Eluru Mandal 1,Venkataur V-3,100318,17.4645,82.3089
Eluru,Eluru Mandal 1,Srigudem V-4,100319,17.5453,82.2104
Eluru,Eluru Mandal 1,Laxmipalle V-5,100320,17.4038,82.3798
Eluru,Eluru Mandal 2,Venkataparru V-6,100321,17.5189,82.1899
Eluru,Eluru Mandal 2,Laxmimanda V-7,100322,17.3352,82.2376
Eluru,Eluru Mandal 2,Peddavada V-8,100323,17.548,82.2631
Eluru,Eluru Mandal 2,Pathapuram V-9,100324,17.468,82.3055
Eluru,Eluru Mandal 2,Chinnaur V-10,100325,17.4786,82.2453
Eluru,Eluru Mandal 3,Sitalanka V-11,100326,17.3404,82.4348
Eluru,Eluru Mandal 3,Kottaur V-12,100327,17.3244,82.4526
Eluru,Eluru Mandal 3,Ramamanda V-13,100328,17.4476,82.2976
Eluru,Eluru Mandal 3,Laxmipatnam V-14,100329,17.3533,82.1825
Eluru,Eluru Mandal 3,Ramavada V-15,100330,17.5592,82.3617
Eluru,Eluru Mandal 4,Ramapalle V-16,100331,17.4498,82.208
Eluru,Eluru Mandal 4,Laxmimanda V-17,100332,17.4389,82.1999
Eluru,Eluru Mandal 4,Srilanka V-18,100333,17.3852,82.41
Eluru,Eluru Mandal 4,Pathaparru V-19,100334,17.5087,82.3354
Eluru,Eluru Mandal 4,Peddalanka V-20,100335,17.4241,82.4637
Eluru,Eluru Mandal 5,Chinnagudem V-21,100336,17.3496,82.2531
Eluru,Eluru Mandal 5,Chinnamanda V-22,100337,17.3646,82.404
Eluru,Eluru Mandal 5,Pathavada V-23,100338,17.6042,82.3647
Eluru,Eluru Mandal 5,Venkatamanda V-24,100339,17.5467,82.3109
Eluru,Eluru Mandal 5,Rangamanda V-25,100340,17.4157,82.4676
Eluru,Eluru Mandal 6,Ramavada V-26,100341,17.4507,82.3169
Eluru,Eluru Mandal 6,Sripatnam V-27,100342,17.4962,82.2818
Eluru,Eluru Mandal 6,Pathapatnam V-28,100343,17.4573,82.1875
Eluru,Eluru Mandal 6,Ramapatnam V-29,100344,17.3418,82.4355
Eluru,Eluru Mandal 6,Pathamanda V-30,100345,17.497,82.2916
Eluru,Eluru Mandal 7,Rangaparru V-31,100346,17.605,82.3979
Eluru,Eluru Mandal 7,Kottacherla V-32,100347,17.5915,82.3478
Eluru,Eluru Mandal 7,Peddalanka V-33,100348,17.5003,82.3267
Eluru,Eluru Mandal 7,Kottacherla V-34,100349,17.3498,82.446
Eluru,Eluru Mandal 7,Ramapalle V-35,100350,17.4701,82.228
Eluru,Eluru Mandal 8,Peddacherla V-36,100351,17.6161,82.3335
Eluru,Eluru Mandal 8,Rangavada V-37,100352,17.4279,82.4516
Eluru,Eluru Mandal 8,Laxmiur V-38,100353,17.5511,82.3799
Eluru,Eluru Mandal 8,Kottalanka V-39,100354,17.3386,82.2046
Eluru,Eluru Mandal 8,Laxmipatnam V-40,100355,17.3944,82.4317
Eluru,Eluru Mandal 9,Rangavada V-41,100356,17.4188,82.3511
Eluru,Eluru Mandal 9,Chinnalanka V-42,100357,17.4118,82.3731
Eluru,Eluru Mandal 9,Laxmivada V-43,100358,17.4973,82.4577
Eluru,Eluru Mandal 9,Sriparru V-44,100359,17.4318,82.4138
Eluru,Eluru Mandal 9,Chinnaparru V-45,100360,17.3468,82.3774
Guntur,Guntur Mandal 1,Srivada V-1,100361,16.432,76.5892
Guntur,Guntur Mandal 1,Venkatagudem V-2,100362,16.2146,76.528
Guntur,Guntur Mandal 1,Pathapatnam V-3,100363,16.4,76.5171
Guntur,Guntur Mandal 1,Sitaparru V-4,100364,16.158,76.5878
Guntur,Guntur Mandal 1,Rangavada V-5,100365,16.3259,76.533
Guntur,Guntur Mandal 2,Chinnamanda V-6,100366,16.3894,76.5364
Guntur,Guntur Mandal 2,Venkatapuram V-7,100367,16.2699,76.6896
Guntur,Guntur Mandal 2,Peddacherla V-8,100368,16.3299,76.7124
Guntur,Guntur Mandal 2,Venkatagudem V-9,100369,16.3069,76.5796
Guntur,Guntur Mandal 2,Venkatagudem V-10,100370,16.257,76.7709
Guntur,Guntur Mandal 3,Venkatacherla V-11,100371,16.3775,76.7202
Guntur,Guntur Mandal 3,Sitaparru V-12,100372,16.2723,76.5353
Guntur,Guntur Mandal 3,Peddamanda V-13,100373,16.1882,76.5617
Guntur,Guntur Mandal 3,Venkatalanka V-14,100374,16.313,76.5175
Guntur,Guntur Mandal 3,Sitapalle V-15,100375,16.2322,76.7157
Guntur,Guntur Mandal 4,Sricherla V-16,100376,16.4183,76.5309
Guntur,Guntur Mandal 4,Laxmipalle V-17,100377,16.4306,76.5533
Guntur,Guntur Mandal 4,Venkatalanka V-18,100378,16.4258,76.6112
Guntur,Guntur Mandal 4,Laxmiparru V-19,100379,16.2589,76.6026
Guntur,Guntur Mandal 4,Pathalanka V-20,100380,16.214,76.5823
Guntur,Guntur Mandal 5,Pathalanka V-21,100381,16.3841,76.528
Guntur,Guntur Mandal 5,Sricherla V-22,100382,16.3555,76.5284
Guntur,Guntur Mandal 5,Venkatacherla V-23,100383,16.3313,76.7585
Guntur,Guntur Mandal 5,Kottapatnam V-24,100384,16.2114,76.5316
Guntur,Guntur Mandal 5,Rangaparru V-25,100385,16.2737,76.7196
Guntur,Guntur Mandal 6,Peddapatnam V-26,100386,16.1832,76.5583
Guntur,Guntur Mandal 6,Rangacherla V-27,100387,16.1655,76.7377
Guntur,Guntur Mandal 6,Venkatamanda V-28,100388,16.3075,76.6763
Guntur,Guntur Mandal 6,Rangagudem V-29,100389,16.3622,76.5741
Guntur,Guntur Mandal 6,Kottamanda V-30,100390,16.2525,76.6579
Guntur,Guntur Mandal 7,Chinnapalle V-31,100391,16.3037,76.5949
Guntur,Guntur Mandal 7,Sitaparru V-32,100392,16.2989,76.7832
Guntur,Guntur Mandal 7,Sitapuram V-33,100393,16.2638,76.6278
Guntur,Guntur Mandal 7,Laxmilanka V-34,100394,16.2228,76.4916
Guntur,Guntur Mandal 7,Pathalanka V-35,100395,16.219,76.6839
Guntur,Guntur Mandal 8,Pathamanda V-36,100396,16.3672,76.5865
Guntur,Guntur Mandal 8,Kottalanka V-37,100397,16.3105,76.7308
Guntur,Guntur Mandal 8,Chinnacherla V-38,100398,16.4409,76.6303
Guntur,Guntur Mandal 8,Chinnavada V-39,100399,16.1656,76.7196
Guntur,Guntur Mandal 8,Venkatapuram V-40,100400,16.2347,76.4999
Guntur,Guntur Mandal 9,Peddapuram V-41,100401,16.2414,76.5798
Guntur,Guntur Mandal 9,Laxmiparru V-42,100402,16.2887,76.4977
Guntur,Guntur Mandal 9,Peddapatnam V-43,100403,16.2538,76.721
Guntur,Guntur Mandal 9,Ramapatnam V-44,100404,16.184,76.5971
Guntur,Guntur Mandal 9,Laxmicherla V-45,100405,16.4151,76.6027
Kakinada,Kakinada Mandal 1,Venkatalanka V-1,100406,18.9828,80.2273
Kakinada,Kakinada Mandal 1,Pathaur V-2,100407,18.7292,80.2523
Kakinada,Kakinada Mandal 1,Chinnaparru V-3,100408,18.7936,80.1023
Kakinada,Kakinada Mandal 1,Ramapatnam V-4,100409,18.7974,80.2523
Kakinada,Kakinada Mandal 1,Laxmivada V-5,100410,18.9124,80.177
Kakinada,Kakinada Mandal 2,Kottalanka V-6,100411,18.8899,80.202
Kakinada,Kakinada Mandal 2,Kottapalle V-7,100412,18.9068,80.1934
Kakinada,Kakinada Mandal 2,Sitavada V-8,100413,18.9913,80.1144
Kakinada,Kakinada Mandal 2,Rangacherla V-9,100414,18.7159,80.0917
Kakinada,Kakinada Mandal 2,Ramalanka V-10,100415,18.8203,80.2417
Kakinada,Kakinada Mandal 3,Rangavada V-11,100416,18.9092,80.3562
Kakinada,Kakinada Mandal 3,Ramacherla V-12,100417,18.9344,80.2437
Kakinada,Kakinada Mandal 3,Sitalanka V-13,100418,18.8249,80.2664
Kakinada,Kakinada Mandal 3,Peddapalle V-14,100419,18.7133,80.1273
Kakinada,Kakinada Mandal 3,Sitaur V-15,100420,18.9795,80.1069
Kakinada,Kakinada Mandal 4,Sricherla V-16,100421,18.7699,80.2551
Kakinada,Kakinada Mandal 4,Venkatagudem V-17,100422,18.7423,80.3274
Kakinada,Kakinada Mandal 4,Venkatavada V-18,100423,18.9751,80.2051
Kakinada,Kakinada Mandal 4,Pathalanka V-19,100424,18.9058,80.2844
Kakinada,Kakinada Mandal 4,Sitaparru V-20,100425,18.7926,80.1615
Kakinada,Kakinada Mandal 5,Chinnavada V-21,100426,18.9436,80.2242
Kakinada,Kakinada Mandal 5,Pathagudem V-22,100427,18.9431,80.1425
Kakinada,Kakinada Mandal 5,Venkatapuram V-23,100428,18.8137,80.2432
Kakinada,Kakinada Mandal 5,Venkataparru V-24,100429,18.7444,80.3368
Kakinada,Kakinada Mandal 5,Pathapatnam V-25,100430,18.8249,80.2866
Kakinada,Kakinada Mandal 6,Venkataparru V-26,100431,18.8287,80.1944
Kakinada,Kakinada Mandal 6,Rangapalle V-27,100432,18.7431,80.1666
Kakinada,Kakinada Mandal 6,Pathacherla V-28,100433,18.8452,80.2267
Kakinada,Kakinada Mandal 6,Chinnaparru V-29,100434,18.8974,80.1261
Kakinada,Kakinada Mandal 6,Chinnaur V-30,100435,18.8563,80.332
Kakinada,Kakinada Mandal 7,Pathaparru V-31,100436,18.7514,80.1209
Kakinada,Kakinada Mandal 7,Ramagudem V-32,100437,18.8093,80.3538
Kakinada,Kakinada Mandal 7,Sripalle V-33,100438,18.7807,80.262
Kakinada,Kakinada Mandal 7,Sitapatnam V-34,100439,18.743,80.1624
Kakinada,Kakinada Mandal 7,Sitapalle V-35,100440,18.8563,80.1221
Kakinada,Kakinada Mandal 8,Rangavada V-36,100441,18.7568,80.2589
Kakinada,Kakinada Mandal 8,Rangalanka V-37,100442,18.9582,80.2406
Kakinada,Kakinada Mandal 8,Kottapalle V-38,100443,18.7191,80.264
Kakinada,Kakinada Mandal 8,Rangapatnam V-39,100444,18.9008,80.3016
Kakinada,Kakinada Mandal 8,Laxmimanda V-40,100445,18.8972,80.2209
Kakinada,Kakinada Mandal 9,Sitapatnam V-41,100446,18.8981,80.1622
Kakinada,Kakinada Mandal 9,Peddaur V-42,100447,18.7947,80.0934
Kakinada,Kakinada Mandal 9,Kottavada V-43,100448,18.8374,80.2168
Kakinada,Kakinada Mandal 9,Peddalanka V-44,100449,18.8875,80.1653
Kakinada,Kakinada Mandal 9,Ramalanka V-45,100450,18.9981,80.1108
Krishna,Krishna Mandal 1,Ramagudem V-1,100451,15.5279,80.6426
Krishna,Krishna Mandal 1,Peddavada V-2,100452,15.417,80.6494
Krishna,Krishna Mandal 1,Laxmimanda V-3,100453,15.5134,80.8512
Krishna,Krishna Mandal 1,Chinnalanka V-4,100454,15.6681,80.7787
Krishna,Krishna Mandal 1,Peddavada V-5,100455,15.5375,80.7168
Krishna,Krishna Mandal 2,Venkatapatnam V-6,100456,15.5372,80.5894
Krishna,Krishna Mandal 2,Laxmiparru V-7,100457,15.5251,80.6346
Krishna,Krishna Mandal 2,Rangalanka V-8,100458,15.4026,80.6468
Krishna,Krishna Mandal 2,Rangacherla V-9,100459,15.4737,80.5648
Krishna,Krishna Mandal 2,Pathaur V-10,100460,15.4282,80.6417
Krishna,Krishna Mandal 3,Ramaur V-11,100461,15.4978,80.6826
Krishna,Krishna Mandal 3,Rangaparru V-12,100462,15.4464,80.7284
Krishna,Krishna Mandal 3,Pathaur V-13,100463,15.5392,80.7917
Krishna,Krishna Mandal 3,Srimanda V-14,100464,15.5921,80.598
Krishna,Krishna Mandal 3,Pathaur V-15,100465,15.4999,80.8584
Krishna,Krishna Mandal 4,Sitalanka V-16,100466,15.6145,80.6221
Krishna,Krishna Mandal 4,Sitaur V-17,100467,15.538,80.576
Krishna,Krishna Mandal 4,Chinnalanka V-18,100468,15.6292,80.7182
Krishna,Krishna Mandal 4,Chinnamanda V-19,100469,15.6559,80.6043
Krishna,Krishna Mandal 4,Rangalanka V-20,100470,15.4367,80.8596
Krishna,Krishna Mandal 5,Srimanda V-21,100471,15.4889,80.8109
Krishna,Krishna Mandal 5,Sitacherla V-22,100472,15.6006,80.6523
Krishna,Krishna Mandal 5,Kottalanka V-23,100473,15.4873,80.5953
Krishna,Krishna Mandal 5,Laxmimanda V-24,100474,15.4803,80.832
Krishna,Krishna Mandal 5,Kottamanda V-25,100475,15.5303,80.8525
Krishna,Krishna Mandal 6,Rangamanda V-26,100476,15.4562,80.5778
Krishna,Krishna Mandal 6,Venkatavada V-27,100477,15.5452,80.7787
Krishna,Krishna Mandal 6,Laxmivada V-28,100478,15.6345,80.635
Krishna,Krishna Mandal 6,Rangapalle V-29,100479,15.4452,80.6947
Krishna,Krishna Mandal 6,Laxmivada V-30,100480,15.5119,80.6236
Krishna,Krishna Mandal 7,Sitamanda V-31,100481,15.6641,80.8242
Krishna,Krishna Mandal 7,Kottavada V-32,100482,15.5436,80.7307
Krishna,Krishna Mandal 7,Venkataparru V-33,100483,15.501,80.8494
Krishna,Krishna Mandal 7,Venkataparru V-34,100484,15.4907,80.6687
Krishna,Krishna Mandal 7,Srimanda V-35,100485,15.5332,80.8496
Krishna,Krishna Mandal 8,Sriparru V-36,100486,15.4775,80.8448
Krishna,Krishna Mandal 8,Sripatnam V-37,100487,15.5994,80.7695
Krishna,Krishna Mandal 8,Venkatalanka V-38,100488,15.5319,80.7305
Krishna,Krishna Mandal 8,Sripatnam V-39,100489,15.4245,80.7654
Krishna,Krishna Mandal 8,Laxmiur V-40,100490,15.6335,80.8488
Krishna,Krishna Mandal 9,Chinnapatnam V-41,100491,15.4006,80.849
Krishna,Krishna Mandal 9,Pathalanka V-42,100492,15.6652,80.7592
Krishna,Krishna Mandal 9,Venkatagudem V-43,100493,15.4486,80.724
Krishna,Krishna Mandal 9,Sitapatnam V-44,100494,15.4292,80.7471
Krishna,Krishna Mandal 9,Rangagudem V-45,100495,15.4607,80.7633
Kurnool,Kurnool Mandal 1,Kottapalle V-1,100496,16.3947,81.3498
Kurnool,Kurnool Mandal 1,Pathavada V-2,100497,16.2723,81.2997
Kurnool,Kurnool Mandal 1,Chinnaur V-3,100498,16.4666,81.3988
Kurnool,Kurnool Mandal 1,Venkatacherla V-4,100499,16.4659,81.3614
Kurnool,Kurnool Mandal 1,Srilanka V-5,100500,16.3564,81.1523
Kurnool,Kurnool Mandal 2,Pathamanda V-6,100501,16.3404,81.3562
Kurnool,Kurnool Mandal 2,Kottavada V-7,100502,16.3961,81.3859
Kurnool,Kurnool Mandal 2,Kottaur V-8,100503,16.5071,81.1905
Kurnool,Kurnool Mandal 2,Sripuram V-9,100504,16.2735,81.305
Kurnool,Kurnool Mandal 2,Pathalanka V-10,100505,16.3561,81.4313
Kurnool,Kurnool Mandal 3,Sitaparru V-11,100506,16.4189,81.4162
Kurnool,Kurnool Mandal 3,Sitacherla V-12,100507,16.3526,81.3772
Kurnool,Kurnool Mandal 3,Ramavada V-13,100508,16.4901,81.3291
Kurnool,Kurnool Mandal 3,Chinnapuram V-14,100509,16.4917,81.3718
Kurnool,Kurnool Mandal 3,Rangagudem V-15,100510,16.3234,81.3914
Kurnool,Kurnool Mandal 4,Laxmiur V-16,100511,16.4253,81.1606
Kurnool,Kurnool Mandal 4,Pathavada V-17,100512,16.5652,81.2778
Kurnool,Kurnool Mandal 4,Peddapuram V-18,100513,16.349,81.2052
Kurnool,Kurnool Mandal 4,Srilanka V-19,100514,16.3613,81.3514
Kurnool,Kurnool Mandal 4,Kottapatnam V-20,100515,16.4668,81.3424
Kurnool,Kurnool Mandal 5,Kottapalle V-21,100516,16.4103,81.1825
Kurnool,Kurnool Mandal 5,Sitapatnam V-22,100517,16.4778,81.3262
Kurnool,Kurnool Mandal 5,Srilanka V-23,100518,16.4551,81.2003
Kurnool,Kurnool Mandal 5,Chinnacherla V-24,100519,16.3167,81.3589
Kurnool,Kurnool Mandal 5,Rangalanka V-25,100520,16.3955,81.2994
Kurnool,Kurnool Mandal 6,Venkataparru V-26,100521,16.5113,81.3823
Kurnool,Kurnool Mandal 6,Peddamanda V-27,100522,16.5327,81.1591
Kurnool,Kurnool Mandal 6,Venkataparru V-28,100523,16.4819,81.158
Kurnool,Kurnool Mandal 6,Rangapalle V-29,100524,16.2893,81.2989
Kurnool,Kurnool Mandal 6,Sitagudem V-30,100525,16.4425,81.1795
Kurnool,Kurnool Mandal 7,Ramaparru V-31,100526,16.4033,81.3387
Kurnool,Kurnool Mandal 7,Rangacherla V-32,100527,16.298,81.2877
Kurnool,Kurnool Mandal 7,Kottacherla V-33,100528,16.3103,81.2592
Kurnool,Kurnool Mandal 7,Rangapuram V-34,100529,16.4384,81.3364
Kurnool,Kurnool Mandal 7,Sripuram V-35,100530,16.3895,81.3795
Kurnool,Kurnool Mandal 8,Peddamanda V-36,100531,16.2926,81.2617
Kurnool,Kurnool Mandal 8,Pathaparru V-37,100532,16.569,81.415
Kurnool,Kurnool Mandal 8,Pathacherla V-38,100533,16.2802,81.2572
Kurnool,Kurnool Mandal 8,Chinnaur V-39,100534,16.3831,81.402
Kurnool,Kurnool Mandal 8,Venkataur V-40,100535,16.3834,81.3394
Kurnool,Kurnool Mandal 9,Sitavada V-41,100536,16.4668,81.2389
Kurnool,Kurnool Mandal 9,Chinnaparru V-42,100537,16.3886,81.1728
Kurnool,Kurnool Mandal 9,Peddapuram V-43,100538,16.4976,81.4281
Kurnool,Kurnool Mandal 9,Venkataparru V-44,100539,16.398,81.2484
Kurnool,Kurnool Mandal 9,Peddagudem V-45,100540,16.4089,81.1811
Nandyal,Nandyal Mandal 1,Pathapuram V-1,100541,14.6295,83.0398
Nandyal,Nandyal Mandal 1,Kottagudem V-2,100542,14.4485,82.9443
Nandyal,Nandyal Mandal 1,Kottacherla V-3,100543,14.566,83.125
Nandyal,Nandyal Mandal 1,Kottagudem V-4,100544,14.6088,83.0347
Nandyal,Nandyal Mandal 1,Peddaparru V-5,100545,14.4518,83.1732
Nandyal,Nandyal Mandal 2,Kottavada V-6,100546,14.5378,83.0008
Nandyal,Nandyal Mandal 2,Rangalanka V-7,100547,14.5599,83.1458
Nandyal,Nandyal Mandal 2,Ramagudem V-8,100548,14.4772,82.957
Nandyal,Nandyal Mandal 2,Sitagudem V-9,100549,14.5107,82.9966
Nandyal,Nandyal Mandal 2,Sitamanda V-10,100550,14.6506,83.1875
Nandyal,Nandyal Mandal 3,Laxmiparru V-11,100551,14.5353,83.2057
Nandyal,Nandyal Mandal 3,Laxmiparru V-12,100552,14.4823,83.039
Nandyal,Nandyal Mandal 3,Chinnapatnam V-13,100553,14.4996,83.1404
Nandyal,Nandyal Mandal 3,Venkatagudem V-14,100554,14.6414,83.0043
Nandyal,Nandyal Mandal 3,Chinnacherla V-15,100555,14.6611,83.0828
Nandyal,Nandyal Mandal 4,Laxmiparru V-16,100556,14.5456,83.0306
Nandyal,Nandyal Mandal 4,Srigudem V-17,100557,14.4857,82.9378
Nandyal,Nandyal Mandal 4,Venkatalanka V-18,100558,14.4144,83.1314
Nandyal,Nandyal Mandal 4,Peddapuram V-19,100559,14.4672,83.1162
Nandyal,Nandyal Mandal 4,Rangapuram V-20,100560,14.6487,82.9705
Nandyal,Nandyal Mandal 5,Rangaparru V-21,100561,14.4517,82.9767
Nandyal,Nandyal Mandal 5,Ramapatnam V-22,100562,14.6737,82.9187
Nandyal,Nandyal Mandal 5,Peddapalle V-23,100563,14.6107,83.1404
Nandyal,Nandyal Mandal 5,Peddamanda V-24,100564,14.5978,83.0331
Nandyal,Nandyal Mandal 5,Peddaparru V-25,100565,14.4831,82.999
Nandyal,Nandyal Mandal 6,Venkataparru V-26,100566,14.5813,83.0066
Nandyal,Nandyal Mandal 6,Ramaparru V-27,100567,14.6515,83.0539
Nandyal,Nandyal Mandal 6,Venkatalanka V-28,100568,14.6609,83.0253
Nandyal,Nandyal Mandal 6,Laxmipuram V-29,100569,14.5554,82.9804
Nandyal,Nandyal Mandal 6,Chinnapuram V-30,100570,14.4649,83.1945
Nandyal,Nandyal Mandal 7,Rangaur V-31,100571,14.4752,82.9729
Nandyal,Nandyal Mandal 7,Peddaur V-32,100572,14.5576,82.9878
Nandyal,Nandyal Mandal 7,Sitalanka V-33,100573,14.4638,83.1605
Nandyal,Nandyal Mandal 7,Venkatacherla V-34,100574,14.4371,83.1526
Nandyal,Nandyal Mandal 7,Chinnavada V-35,100575,14.6027,83.0606
Nandyal,Nandyal Mandal 8,Sitapuram V-36,100576,14.5438,83.1658
Nandyal,Nandyal Mandal 8,Pathapuram V-37,100577,14.6159,83.0378
Nandyal,Nandyal Mandal 8,Peddapalle V-38,100578,14.5988,82.9168
Nandyal,Nandyal Mandal 8,Sitacherla V-39,100579,14.4986,83.0994
Nandyal,Nandyal Mandal 8,Rangacherla V-40,100580,14.5844,82.9188
Nandyal,Nandyal Mandal 9,Sitaparru V-41,100581,14.51,82.9191
Nandyal,Nandyal Mandal 9,Sriparru V-42,100582,14.6799,82.9192
Nandyal,Nandyal Mandal 9,Laxmivada V-43,100583,14.4187,82.943
Nandyal,Nandyal Mandal 9,Chinnagudem V-44,100584,14.4442,83.072
Nandyal,Nandyal Mandal 9,Ramapatnam V-45,100585,14.6251,82.9378
NTR,NTR Mandal 1,Peddagudem V-1,100586,18.7161,80.0409
NTR,NTR Mandal 1,Pathapuram V-2,100587,18.6542,79.9063
NTR,NTR Mandal 1,Sitacherla V-3,100588,18.643,79.7953
NTR,NTR Mandal 1,Chinnapalle V-4,100589,18.7761,79.9227
NTR,NTR Mandal 1,Ramamanda V-5,100590,18.9193,80.0846
NTR,NTR Mandal 2,Sitapuram V-6,100591,18.6951,80.0629
NTR,NTR Mandal 2,Rangacherla V-7,100592,18.7075,80.0697
NTR,NTR Mandal 2,Sriparru V-8,100593,18.7952,79.8024
NTR,NTR Mandal 2,Ramapuram V-9,100594,18.9146,79.9686
NTR,NTR Mandal 2,Laxmipalle V-10,100595,18.7159,79.9617
NTR,NTR Mandal 3,Rangaur V-11,100596,18.8292,79.9547
NTR,NTR Mandal 3,Laxmivada V-12,100597,18.8633,79.9993
NTR,NTR Mandal 3,Pathaparru V-13,100598,18.8498,79.8962
NTR,NTR Mandal 3,Pathaur V-14,100599,18.6958,79.8153
NTR,NTR Mandal 3,Rangamanda V-15,100600,18.9126,79.9115
NTR,NTR Mandal 4,Ramapuram V-16,100601,18.8164,80.0275
NTR,NTR Mandal 4,Venkatacherla V-17,100602,18.6946,79.9584
NTR,NTR Mandal 4,Laxmiur V-18,100603,18.6819,79.9682
NTR,NTR Mandal 4,Laxmipalle V-19,100604,18.8578,79.8811
NTR,NTR Mandal 4,Peddapalle V-20,100605,18.6507,79.8387
NTR,NTR Mandal 5,Chinnaur V-21,100606,18.7211,79.8244
NTR,NTR Mandal 5,Kottapatnam V-22,100607,18.7596,80.0209
NTR,NTR Mandal 5,Pathavada V-23,100608,18.6523,79.9218
NTR,NTR Mandal 5,Sitaparru V-24,100609,18.7799,79.8235
NTR,NTR Mandal 5,Pathalanka V-25,100610,18.7924,79.9716
NTR,NTR Mandal 6,Ramaur V-26,100611,18.6298,79.9166
NTR,NTR Mandal 6,Pathaparru V-27,100612,18.8977,80.0859
NTR,NTR Mandal 6,Rangaparru V-28,100613,18.677,79.9067
NTR,NTR Mandal 6,Chinnapatnam V-29,100614,18.7165,79.9404
NTR,NTR Mandal 6,Pathavada V-30,100615,18.7565,79.9188
NTR,NTR Mandal 7,Venkatapalle V-31,100616,18.7345,80.0757
NTR,NTR Mandal 7,Venkatamanda V-32,100617,18.8111,79.9298
NTR,NTR Mandal 7,Chinnapatnam V-33,100618,18.6282,79.9112
NTR,NTR Mandal 7,Rangaur V-34,100619,18.8674,79.8913
NTR,NTR Mandal 7,Ramaur V-35,100620,18.8708,80.0503
NTR,NTR Mandal 8,Rangavada V-36,100621,18.7163,79.9734
NTR,NTR Mandal 8,Peddacherla V-37,100622,18.7204,80.0819
NTR,NTR Mandal 8,Ramapatnam V-38,100623,18.8466,79.9824
NTR,NTR Mandal 8,Rangagudem V-39,100624,18.7239,79.8766
NTR,NTR Mandal 8,Laxmilanka V-40,100625,18.6603,79.9616
NTR,NTR Mandal 9,Rangaparru V-41,100626,18.6801,80.0228
NTR,NTR Mandal 9,Kottacherla V-42,100627,18.909,79.8554
NTR,NTR Mandal 9,Sripalle V-43,100628,18.8718,80.0312
NTR,NTR Mandal 9,Laxmicherla V-44,100629,18.6679,79.8833
NTR,NTR Mandal 9,Srivada V-45,100630,18.8407,80.0292
Palnadu,Palnadu Mandal 1,Venkatamanda V-1,100631,13.877,83.9322
Palnadu,Palnadu Mandal 1,Laxmiparru V-2,100632,13.7678,84.0708
Palnadu,Palnadu Mandal 1,Sitamanda V-3,100633,13.9483,83.8057
Palnadu,Palnadu Mandal 1,Peddalanka V-4,100634,13.8067,83.9641
Palnadu,Palnadu Mandal 1,Rangaur V-5,100635,14.0469,83.8797
Palnadu,Palnadu Mandal 2,Laxmipalle V-6,100636,13.76,83.8579
Palnadu,Palnadu Mandal 2,Sitaparru V-7,100637,13.9242,83.9866
Palnadu,Palnadu Mandal 2,Peddacherla V-8,100638,13.869,83.9192
Palnadu,Palnadu Mandal 2,Rangaparru V-9,100639,13.802,84.0796
Palnadu,Palnadu Mandal 2,Venkatapalle V-10,100640,13.8454,84.0564
Palnadu,Palnadu Mandal 3,Pathapalle V-11,100641,14.0062,83.9993
Palnadu,Palnadu Mandal 3,Ramapatnam V-12,100642,13.8597,84.0155
Palnadu,Palnadu Mandal 3,Sitacherla V-13,100643,13.8613,83.8095
Palnadu,Palnadu Mandal 3,Venkatalanka V-14,100644,13.777,83.7937
Palnadu,Palnadu Mandal 3,Pathapuram V-15,100645,14.0116,83.9746
Palnadu,Palnadu Mandal 4,Chinnagudem V-16,100646,13.9116,83.9458
Palnadu,Palnadu Mandal 4,Ramaparru V-17,100647,13.8847,83.9189
Palnadu,Palnadu Mandal 4,Laxmivada V-18,100648,13.8127,83.9774
Palnadu,Palnadu Mandal 4,Laxmipuram V-19,100649,13.978,84.0452
Palnadu,Palnadu Mandal 4,Venkatamanda V-20,100650,13.8857,83.7816
Palnadu,Palnadu Mandal 5,Peddagudem V-21,100651,13.8403,83.9914
Palnadu,Palnadu Mandal 5,Pathamanda V-22,100652,13.7873,84.0418
Palnadu,Palnadu Mandal 5,Chinnalanka V-23,100653,13.8546,83.9175
Palnadu,Palnadu Mandal 5,Sricherla V-24,100654,13.9151,83.972
Palnadu,Palnadu Mandal 5,Rangaur V-25,100655,13.9402,83.9564
Palnadu,Palnadu Mandal 6,Ramalanka V-26,100656,14.0105,83.9655
Palnadu,Palnadu Mandal 6,Srimanda V-27,100657,13.9339,83.9819
Palnadu,Palnadu Mandal 6,Ramapalle V-28,100658,13.8284,83.8153
Palnadu,Palnadu Mandal 6,Ramavada V-29,100659,13.9101,83.9057
Palnadu,Palnadu Mandal 6,Chinnamanda V-30,100660,13.8719,83.836
Palnadu,Palnadu Mandal 7,Sitavada V-31,100661,13.9233,83.9271
Palnadu,Palnadu Mandal 7,Chinnavada V-32,100662,13.8512,83.9156
Palnadu,Palnadu Mandal 7,Kottalanka V-33,100663,14.0424,83.9256
Palnadu,Palnadu Mandal 7,Peddaur V-34,100664,14.046,83.9319
Palnadu,Palnadu Mandal 7,Venkataur V-35,100665,13.9622,83.9049
Palnadu,Palnadu Mandal 8,Venkatacherla V-36,100666,13.807,83.9499
Palnadu,Palnadu Mandal 8,Peddapatnam V-37,100667,13.7666,83.8477
Palnadu,Palnadu Mandal 8,Srivada V-38,100668,13.991,83.9499
Palnadu,Palnadu Mandal 8,Venkataparru V-39,100669,13.9101,83.9521
Palnadu,Palnadu Mandal 8,Sriparru V-40,100670,14.0038,83.8903
Palnadu,Palnadu Mandal 9,Kottacherla V-41,100671,13.9207,84.0772
Palnadu,Palnadu Mandal 9,Pathagudem V-42,100672,13.8461,84.08
Palnadu,Palnadu Mandal 9,Venkatapatnam V-43,100673,13.8614,84.0253
Palnadu,Palnadu Mandal 9,Venkatapalle V-44,100674,13.9895,83.8513
Palnadu,Palnadu Mandal 9,Rangalanka V-45,100675,14.0151,83.9633
Parvathipuram Manyam,Parvathipuram Manyam Mandal 1,Peddagudem V-1,100676,15.9466,81.1422
Parvathipuram Manyam,Parvathipuram Manyam Mandal 1,Sitapatnam V-2,100677,15.884,81.0216
Parvathipuram Manyam,Parvathipuram Manyam Mandal 1,Sripatnam V-3,100678,15.8767,81.2569
Parvathipuram Manyam,Parvathipuram Manyam Mandal 1,Sitapalle V-4,100679,15.7456,81.1962
Parvathipuram Manyam,Parvathipuram Manyam Mandal 1,Laxmipuram V-5,100680,16.0027,81.2312
Parvathipuram Manyam,Parvathipuram Manyam Mandal 2,Chinnavada V-6,100681,15.7798,81.1846
Parvathipuram Manyam,Parvathipuram Manyam Mandal 2,Peddaur V-7,100682,15.8518,81.1444
Parvathipuram Manyam,Parvathipuram Manyam Mandal 2,Sriur V-8,100683,15.8175,80.9938
Parvathipuram Manyam,Parvathipuram Manyam Mandal 2,Pathaur V-9,100684,15.8596,81.0546
Parvathipuram Manyam,Parvathipuram Manyam Mandal 2,Ramacherla V-10,100685,15.99,81.0693
Parvathipuram Manyam,Parvathipuram Manyam Mandal 3,Kottapalle V-11,100686,15.9242,81.1087
Parvathipuram Manyam,Parvathipuram Manyam Mandal 3,Ramapalle V-12,100687,15.9436,81.0904
Parvathipuram Manyam,Parvathipuram Manyam Mandal 3,Laxmigudem V-13,100688,15.8533,81.068
Parvathipuram Manyam,Parvathipuram Manyam Mandal 3,Srilanka V-14,100689,15.8691,81.0103
Parvathipuram Manyam,Parvathipuram Manyam Mandal 3,Venkatalanka V-15,100690,15.9732,81.1998
Parvathipuram Manyam,Parvathipuram Manyam Mandal 4,Kottapalle V-16,100691,15.8928,81.2221
Parvathipuram Manyam,Parvathipuram Manyam Mandal 4,Kottapalle V-17,100692,15.9837,81.0185
Parvathipuram Manyam,Parvathipuram Manyam Mandal 4,Venkatapuram V-18,100693,16.0025,81.0995
Parvathipuram Manyam,Parvathipuram Manyam Mandal 4,Chinnapatnam V-19,100694,15.7526,81.251
Parvathipuram Manyam,Parvathipuram Manyam Mandal 4,Sripalle V-20,100695,15.9013,81.0463
Parvathipuram Manyam,Parvathipuram Manyam Mandal 5,Ramavada V-21,100696,15.7205,81.1588
Parvathipuram Manyam,Parvathipuram Manyam Mandal 5,Peddaur V-22,100697,15.9016,81.1822
Parvathipuram Manyam,Parvathipuram Manyam Mandal 5,Kottagudem V-23,100698,15.848,81.0109
Parvathipuram Manyam,Parvathipuram Manyam Mandal 5,Peddaparru V-24,100699,15.9089,80.9739
Parvathipuram Manyam,Parvathipuram Manyam Mandal 5,Ramapalle V-25,100700,16.0014,81.0978
Parvathipuram Manyam,Parvathipuram Manyam Mandal 6,Chinnacherla V-26,100701,15.7262,81.0861
Parvathipuram Manyam,Parvathipuram Manyam Mandal 6,Pathapalle V-27,100702,15.7989,81.2354
Parvathipuram Manyam,Parvathipuram Manyam Mandal 6,Chinnaur V-28,100703,15.937,81.1971
Parvathipuram Manyam,Parvathipuram Manyam Mandal 6,Chinnavada V-29,100704,15.7254,81.1401
Parvathipuram Manyam,Parvathipuram Manyam Mandal 6,Rangavada V-30,100705,15.8369,81.1879
Parvathipuram Manyam,Parvathipuram Manyam Mandal 7,Chinnaur V-31,100706,15.8897,81.1038
Parvathipuram Manyam,Parvathipuram Manyam Mandal 7,Peddapalle V-32,100707,15.9739,81.0131
Parvathipuram Manyam,Parvathipuram Manyam Mandal 7,Pathamanda V-33,100708,15.9239,81.0766
Parvathipuram Manyam,Parvathipuram Manyam Mandal 7,Laxmilanka V-34,100709,15.9422,81.0455
Parvathipuram Manyam,Parvathipuram Manyam Mandal 7,Pathagudem V-35,100710,15.8709,81.1511
Parvathipuram Manyam,Parvathipuram Manyam Mandal 8,Rangapatnam V-36,100711,15.9386,81.1783
Parvathipuram Manyam,Parvathipuram Manyam Mandal 8,Srigudem V-37,100712,15.8602,81.124
Parvathipuram Manyam,Parvathipuram Manyam Mandal 8,Laxmipatnam V-38,100713,15.8988,81.2063
Parvathipuram Manyam,Parvathipuram Manyam Mandal 8,Peddacherla V-39,100714,15.8207,81.0435
Parvathipuram Manyam,Parvathipuram Manyam Mandal 8,Rangapalle V-40,100715,15.8634,81.2644
Parvathipuram Manyam,Parvathipuram Manyam Mandal 9,Ramalanka V-41,100716,15.7445,81.2294
Parvathipuram Manyam,Parvathipuram Manyam Mandal 9,Rangaur V-42,100717,15.8145,81.176
Parvathipuram Manyam,Parvathipuram Manyam Mandal 9,Venkatapalle V-43,100718,15.7099,80.9914
Parvathipuram Manyam,Parvathipuram Manyam Mandal 9,Srigudem V-44,100719,15.7169,80.9893
Parvathipuram Manyam,Parvathipuram Manyam Mandal 9,Laxmiparru V-45,100720,15.7909,81.1849
Prakasam,Prakasam Mandal 1,Laxmipalle V-1,100721,17.7613,79.6881
Prakasam,Prakasam Mandal 1,Chinnapatnam V-2,100722,17.5942,79.5505
Prakasam,Prakasam Mandal 1,Peddavada V-3,100723,17.73,79.644
Prakasam,Prakasam Mandal 1,Pathapatnam V-4,100724,17.7787,79.7458
Prakasam,Prakasam Mandal 1,Peddapuram V-5,100725,17.6424,79.8042
Prakasam,Prakasam Mandal 2,Pathacherla V-6,100726,17.7528,79.5433
Prakasam,Prakasam Mandal 2,Chinnapalle V-7,100727,17.5729,79.568
Prakasam,Prakasam Mandal 2,Kottavada V-8,100728,17.718,79.6308
Prakasam,Prakasam Mandal 2,Sitapatnam V-9,100729,17.6192,79.5649
Prakasam,Prakasam Mandal 2,Sripalle V-10,100730,17.8005,79.5356
Prakasam,Prakasam Mandal 3,Laxmipatnam V-11,100731,17.7263,79.6057
Prakasam,Prakasam Mandal 3,Rangapalle V-12,100732,17.7179,79.68
Prakasam,Prakasam Mandal 3,Kottacherla V-13,100733,17.8269,79.5769
Prakasam,Prakasam Mandal 3,Chinnapatnam V-14,100734,17.8011,79.7951
Prakasam,Prakasam Mandal 3,Pathagudem V-15,100735,17.7913,79.5276
Prakasam,Prakasam Mandal 4,Kottagudem V-16,100736,17.5829,79.636
Prakasam,Prakasam Mandal 4,Chinnavada V-17,100737,17.8485,79.7841
Prakasam,Prakasam Mandal 4,Sitaur V-18,100738,17.6365,79.6013
Prakasam,Prakasam Mandal 4,Ramapatnam V-19,100739,17.8169,79.6983
Prakasam,Prakasam Mandal 4,Pathaparru V-20,100740,17.7711,79.5426
Prakasam,Prakasam Mandal 5,Peddaparru V-21,100741,17.8635,79.813
Prakasam,Prakasam Mandal 5,Pathacherla V-22,100742,17.8289,79.7589
Prakasam,Prakasam Mandal 5,Srilanka V-23,100743,17.595,79.6638
Prakasam,Prakasam Mandal 5,Ramagudem V-24,100744,17.6566,79.7622
Prakasam,Prakasam Mandal 5,Rangagudem V-25,100745,17.7083,79.7043
Prakasam,Prakasam Mandal 6,Venkatagudem V-26,100746,17.7888,79.6908
Prakasam,Prakasam Mandal 6,Peddavada V-27,100747,17.571,79.6498
Prakasam,Prakasam Mandal 6,Peddaparru V-28,100748,17.673,79.7787
Prakasam,Prakasam Mandal 6,Kottalanka V-29,100749,17.5695,79.724
Prakasam,Prakasam Mandal 6,Sripalle V-30,100750,17.6307,79.8217
Prakasam,Prakasam Mandal 7,Laxmicherla V-31,100751,17.8575,79.8186
Prakasam,Prakasam Mandal 7,Chinnapatnam V-32,100752,17.597,79.8032
Prakasam,Prakasam Mandal 7,Sitaur V-33,100753,17.7794,79.6386
Prakasam,Prakasam Mandal 7,Pathamanda V-34,100754,17.5978,79.5669
Prakasam,Prakasam Mandal 7,Laxmipalle V-35,100755,17.7467,79.5455
Prakasam,Prakasam Mandal 8,Chinnagudem V-36,100756,17.6566,79.7821
Prakasam,Prakasam Mandal 8,Laxmilanka V-37,100757,17.6645,79.6084
Prakasam,Prakasam Mandal 8,Pathagudem V-38,100758,17.6099,79.7579
Prakasam,Prakasam Mandal 8,Pathavada V-39,100759,17.6008,79.6617
Prakasam,Prakasam Mandal 8,Ramaur V-40,100760,17.6053,79.6343
Prakasam,Prakasam Mandal 9,Peddacherla V-41,100761,17.6616,79.6063
Prakasam,Prakasam Mandal 9,Pathapalle V-42,100762,17.6164,79.7326
Prakasam,Prakasam Mandal 9,Rangapuram V-43,100763,17.6336,79.7838
Prakasam,Prakasam Mandal 9,Chinnapalle V-44,100764,17.7825,79.8173
Prakasam,Prakasam Mandal 9,Laxmiparru V-45,100765,17.5838,79.6165
Sri Potti Sriramulu Nellore,Sri Potti Sriramulu Nellore Mandal 1,Laxmicherla V-1,100766,18.0273,77.819
Sri Potti Sriramulu Nellore,Sri Potti Sriramulu Nellore Mandal 1,Pathacherla V-2,100767,17.8911,77.8922
Sri Potti Sriramulu Nellore,Sri Potti Sriramulu Nellore Mandal 1,Pathapuram V-3,100768,17.879,77.8883
Sri Potti Sriramulu Nellore,Sri Potti Sriramulu Nellore Mandal 1,Peddavada V-4,100769,17.9199,77.7742
Sri Potti Sriramulu Nellore,Sri Potti Sriramulu Nellore Mandal 1,Pathamanda V-5,100770,18.0363,77.9292
Sri Potti Sriramulu Nellore,Sri Potti Sriramulu Nellore Mandal 2,Pathapuram V-6,100771,18.1596,77.7133
Sri Potti Sriramulu Nellore,Sri Potti Sriramulu Nellore Mandal 2,Venkatavada V-7,100772,17.8881,77.9082
Sri Potti Sriramulu Nellore,Sri Potti Sriramulu Nellore Mandal 2,Ramapalle V-8,100773,17.8733,77.7923
Sri Potti Sriramulu Nellore,Sri Potti Sriramulu Nellore Mandal 2,Chinnamanda V-9,100774,17.9904,77.8713
Sri Potti Sriramulu Nellore,Sri Potti Sriramulu Nellore Mandal 2,Venkatapuram V-10,100775,17.9753,77.782
Sri Potti Sriramulu Nellore,Sri Potti Sriramulu Nellore Mandal 3,Ramagudem V-11,100776,18.133,77.7365
Sri Potti Sriramulu Nellore,Sri Potti Sriramulu Nellore Mandal 3,Venkatavada V-12,100777,17.8709,77.8398
Sri Potti Sriramulu Nellore,Sri Potti Sriramulu Nellore Mandal 3,Peddapatnam V-13,100778,18.0102,77.9188
Sri Potti Sriramulu Nellore,Sri Potti Sriramulu Nellore Mandal 3,Venkatapuram V-14,100779,17.8868,77.7689
Sri Potti Sriramulu Nellore,Sri Potti Sriramulu Nellore Mandal 3,Laxmigudem V-15,100780,18.0533,77.8932
Sri Potti Sriramulu Nellore,Sri Potti Sriramulu Nellore Mandal 4,Peddaparru V-16,100781,18.0989,77.9508
Sri Potti Sriramulu Nellore,Sri Potti Sriramulu Nellore Mandal 4,Ramacherla V-17,100782,18.0238,77.7994
Sri Potti Sriramulu Nellore,Sri Potti Sriramulu Nellore Mandal 4,Rangaparru V-18,100783,17.957,77.7351
Sri Potti Sriramulu Nellore,Sri Potti Sriramulu Nellore Mandal 4,Kottalanka V-19,100784,18.0396,77.6628
Sri Potti Sriramulu Nellore,Sri Potti Sriramulu Nellore Mandal 4,Sripuram V-20,100785,18.1031,77.7955
Sri Potti Sriramulu Nellore,Sri Potti Sriramulu Nellore Mandal 5,Ramamanda V-21,100786,18.1604,77.9462
Sri Potti Sriramulu Nellore,Sri Potti Sriramulu Nellore Mandal 5,Pathagudem V-22,100787,18.0576,77.734
Sri Potti Sriramulu Nellore,Sri Potti Sriramulu Nellore Mandal 5,Kottagudem V-23,100788,18.0332,77.9488
Sri Potti Sriramulu Nellore,Sri Potti Sriramulu Nellore Mandal 5,Laxmilanka V-24,100789,18.1411,77.9515
Sri Potti Sriramulu Nellore,Sri Potti Sriramulu Nellore Mandal 5,Chinnavada V-25,100790,17.9315,77.7494
Sri Potti Sriramulu Nellore,Sri Potti Sriramulu Nellore Mandal 6,Ramamanda V-26,100791,17.869,77.8642
Sri Potti Sriramulu Nellore,Sri Potti Sriramulu Nellore Mandal 6,Rangamanda V-27,100792,17.9031,77.9385
Sri Potti Sriramulu Nellore,Sri Potti Sriramulu Nellore Mandal 6,Venkataparru V-28,100793,17.9532,77.8011
Sri Potti Sriramulu Nellore,Sri Potti Sriramulu Nellore Mandal 6,Pathapuram V-29,100794,17.9303,77.7197
Sri Potti Sriramulu Nellore,Sri Potti Sriramulu Nellore Mandal 6,Sitacherla V-30,100795,17.8607,77.9294
Sri Potti Sriramulu Nellore,Sri Potti Sriramulu Nellore Mandal 7,Peddavada V-31,100796,17.9627,77.7072
Sri Potti Sriramulu Nellore,Sri Potti Sriramulu Nellore Mandal 7,Ramapuram V-32,100797,17.8671,77.83
Sri Potti Sriramulu Nellore,Sri Potti Sriramulu Nellore Mandal 7,Chinnapalle V-33,100798,18.1144,77.9122
Sri Potti Sriramulu Nellore,Sri Potti Sriramulu Nellore Mandal 7,Pathalanka V-34,100799,18.0719,77.8526
Sri Potti Sriramulu Nellore,Sri Potti Sriramulu Nellore Mandal 7,Rangapalle V-35,100800,17.9615,77.7508
Sri Potti Sriramulu Nellore,Sri Potti Sriramulu Nellore Mandal 8,Chinnaur V-36,100801,18.098,77.9422
Sri Potti Sriramulu Nellore,Sri Potti Sriramulu Nellore Mandal 8,Ramavada V-37,100802,18.0726,77.8226
Sri Potti Sriramulu Nellore,Sri Potti Sriramulu Nellore Mandal 8,Rangalanka V-38,100803,17.9275,77.8307
Sri Potti Sriramulu Nellore,Sri Potti Sriramulu Nellore Mandal 8,Chinnaur V-39,100804,17.9525,77.8606
Sri Potti Sriramulu Nellore,Sri Potti Sriramulu Nellore Mandal 8,Chinnavada V-40,100805,18.0791,77.9386
Sri Potti Sriramulu Nellore,Sri Potti Sriramulu Nellore Mandal 9,Rangaur V-41,100806,18.1157,77.8853
Sri Potti Sriramulu Nellore,Sri Potti Sriramulu Nellore Mandal 9,Rangapuram V-42,100807,17.9151,77.7495
Sri Potti Sriramulu Nellore,Sri Potti Sriramulu Nellore Mandal 9,Rangagudem V-43,100808,18.0524,77.6852
Sri Potti Sriramulu Nellore,Sri Potti Sriramulu Nellore Mandal 9,Venkatavada V-44,100809,17.9598,77.6773
Sri Potti Sriramulu Nellore,Sri Potti Sriramulu Nellore Mandal 9,Ramalanka V-45,100810,17.9109,77.9196
Sri Sathya Sai,Sri Sathya Sai Mandal 1,Ramacherla V-1,100811,13.8414,81.7301
Sri Sathya Sai,Sri Sathya Sai Mandal 1,Pathalanka V-2,100812,13.915,81.6997
Sri Sathya Sai,Sri Sathya Sai Mandal 1,Kottapuram V-3,100813,13.9538,81.887
Sri Sathya Sai,Sri Sathya Sai Mandal 1,Chinnaur V-4,100814,13.9859,81.7809
Sri Sathya Sai,Sri Sathya Sai Mandal 1,Sitaur V-5,100815,13.8684,81.8111
Sri Sathya Sai,Sri Sathya Sai Mandal 2,Rangagudem V-6,100816,13.8868,81.6894
Sri Sathya Sai,Sri Sathya Sai Mandal 2,Kottapatnam V-7,100817,13.844,81.7456
Sri Sathya Sai,Sri Sathya Sai Mandal 2,Pathapalle V-8,100818,13.9405,81.9336
Sri Sathya Sai,Sri Sathya Sai Mandal 2,Chinnapalle V-9,100819,14.0021,81.9367
Sri Sathya Sai,Sri Sathya Sai Mandal 2,Pathalanka V-10,100820,14.0162,81.8513
Sri Sathya Sai,Sri Sathya Sai Mandal 3,Venkatapuram V-11,100821,13.9674,81.8633
Sri Sathya Sai,Sri Sathya Sai Mandal 3,Rangaur V-12,100822,13.8851,81.6976
Sri Sathya Sai,Sri Sathya Sai Mandal 3,Peddagudem V-13,100823,13.9608,81.8335
Sri Sathya Sai,Sri Sathya Sai Mandal 3,Sitapatnam V-14,100824,14.0362,81.7565
Sri Sathya Sai,Sri Sathya Sai Mandal 3,Pathapuram V-15,100825,13.9559,81.8321
Sri Sathya Sai,Sri Sathya Sai Mandal 4,Venkatavada V-16,100826,13.8543,81.6684
Sri Sathya Sai,Sri Sathya Sai Mandal 4,Pathapatnam V-17,100827,14.0852,81.8548
Sri Sathya Sai,Sri Sathya Sai Mandal 4,Venkatagudem V-18,100828,13.8671,81.7293
Sri Sathya Sai,Sri Sathya Sai Mandal 4,Sripalle V-19,100829,13.9801,81.7019
Sri Sathya Sai,Sri Sathya Sai Mandal 4,Laxmicherla V-20,100830,13.9847,81.8656
Sri Sathya Sai,Sri Sathya Sai Mandal 5,Pathaparru V-21,100831,13.9543,81.7785
Sri Sathya Sai,Sri Sathya Sai Mandal 5,Laxmilanka V-22,100832,13.894,81.6806
Sri Sathya Sai,Sri Sathya Sai Mandal 5,Venkatacherla V-23,100833,13.917,81.9184
Sri Sathya Sai,Sri Sathya Sai Mandal 5,Rangapuram V-24,100834,13.8833,81.8762
Sri Sathya Sai,Sri Sathya Sai Mandal 5,Pathapalle V-25,100835,14.0384,81.9097
Sri Sathya Sai,Sri Sathya Sai Mandal 6,Laxmimanda V-26,100836,13.9062,81.6855
Sri Sathya Sai,Sri Sathya Sai Mandal 6,Laxmiparru V-27,100837,13.9636,81.8279
Sri Sathya Sai,Sri Sathya Sai Mandal 6,Venkatamanda V-28,100838,14.1025,81.8101
Sri Sathya Sai,Sri Sathya Sai Mandal 6,Pathaur V-29,100839,14.1088,81.8815
Sri Sathya Sai,Sri Sathya Sai Mandal 6,Sitamanda V-30,100840,14.1081,81.9074
Sri Sathya Sai,Sri Sathya Sai Mandal 7,Rangavada V-31,100841,13.8741,81.8944
Sri Sathya Sai,Sri Sathya Sai Mandal 7,Chinnavada V-32,100842,14.1296,81.9098
Sri Sathya Sai,Sri Sathya Sai Mandal 7,Chinnapuram V-33,100843,13.965,81.9637
Sri Sathya Sai,Sri Sathya Sai Mandal 7,Laxmigudem V-34,100844,14.1372,81.8554
Sri Sathya Sai,Sri Sathya Sai Mandal 7,Rangapatnam V-35,100845,13.9339,81.8854
Sri Sathya Sai,Sri Sathya Sai Mandal 8,Pathapalle V-36,100846,13.9544,81.7865
Sri Sathya Sai,Sri Sathya Sai Mandal 8,Ramapatnam V-37,100847,13.9939,81.9424
Sri Sathya Sai,Sri Sathya Sai Mandal 8,Kottamanda V-38,100848,14.0143,81.9017
Sri Sathya Sai,Sri Sathya Sai Mandal 8,Pathaur V-39,100849,13.8829,81.8372
Sri Sathya Sai,Sri Sathya Sai Mandal 8,Rangapalle V-40,100850,14.1155,81.836
Sri Sathya Sai,Sri Sathya Sai Mandal 9,Pathapatnam V-41,100851,14.0982,81.9313
Sri Sathya Sai,Sri Sathya Sai Mandal 9,Laxmipatnam V-42,100852,13.9529,81.8129
Sri Sathya Sai,Sri Sathya Sai Mandal 9,Rangacherla V-43,100853,13.8492,81.7499
Sri Sathya Sai,Sri Sathya Sai Mandal 9,Chinnamanda V-44,100854,14.0206,81.8753
Sri Sathya Sai,Sri Sathya Sai Mandal 9,Kottaur V-45,100855,14.1049,81.7667
Srikakulam,Srikakulam Mandal 1,Srilanka V-1,100856,14.6628,82.1883
Srikakulam,Srikakulam Mandal 1,Sripatnam V-2,100857,14.7408,82.0906
Srikakulam,Srikakulam Mandal 1,Pathagudem V-3,100858,14.697,82.2354
Srikakulam,Srikakulam Mandal 1,Venkatalanka V-4,100859,14.7375,82.0682
Srikakulam,Srikakulam Mandal 1,Pathagudem V-5,100860,14.7892,82.2172
Srikakulam,Srikakulam Mandal 2,Laxmicherla V-6,100861,14.8845,82.2033
Srikakulam,Srikakulam Mandal 2,Kottaparru V-7,100862,14.8941,81.9628
Srikakulam,Srikakulam Mandal 2,Sitaur V-8,100863,14.6974,82.1985
Srikakulam,Srikakulam Mandal 2,Rangapuram V-9,100864,14.7088,82.2057
Srikakulam,Srikakulam Mandal 2,Peddapuram V-10,100865,14.7315,82.0801
Srikakulam,Srikakulam Mandal 3,Ramagudem V-11,100866,14.7389,82.1902
Srikakulam,Srikakulam Mandal 3,Sitaur V-12,100867,14.8473,81.9803
Srikakulam,Srikakulam Mandal 3,Kottagudem V-13,100868,14.7684,82.1213
Srikakulam,Srikakulam Mandal 3,Chinnacherla V-14,100869,14.8328,82.0481
Srikakulam,Srikakulam Mandal 3,Chinnapatnam V-15,100870,14.8814,82.1498
Srikakulam,Srikakulam Mandal 4,Sripuram V-16,100871,14.7727,81.992
Srikakulam,Srikakulam Mandal 4,Rangagudem V-17,100872,14.9138,82.1373
Srikakulam,Srikakulam Mandal 4,Peddapatnam V-18,100873,14.8522,82.0971
Srikakulam,Srikakulam Mandal 4,Kottacherla V-19,100874,14.9301,82.1373
Srikakulam,Srikakulam Mandal 4,Rangapuram V-20,100875,14.7238,82.1256
Srikakulam,Srikakulam Mandal 5,Sripatnam V-21,100876,14.7838,82.0561
Srikakulam,Srikakulam Mandal 5,Ramacherla V-22,100877,14.7323,82.0831
Srikakulam,Srikakulam Mandal 5,Sitamanda V-23,100878,14.7758,81.9738
Srikakulam,Srikakulam Mandal 5,Sitalanka V-24,100879,14.8251,82.1213
Srikakulam,Srikakulam Mandal 5,Sripatnam V-25,100880,14.862,82.0876
Srikakulam,Srikakulam Mandal 6,Ramapatnam V-26,100881,14.8489,82.2016
Srikakulam,Srikakulam Mandal 6,Sripatnam V-27,100882,14.7132,82.0983
Srikakulam,Srikakulam Mandal 6,Peddapuram V-28,100883,14.8983,82.1838
Srikakulam,Srikakulam Mandal 6,Rangaur V-29,100884,14.8548,82.1474
Srikakulam,Srikakulam Mandal 6,Kottacherla V-30,100885,14.9559,82.021
Srikakulam,Srikakulam Mandal 7,Laxmiur V-31,100886,14.7732,81.9537
Srikakulam,Srikakulam Mandal 7,Rangagudem V-32,100887,14.7596,82.1571
Srikakulam,Srikakulam Mandal 7,Sitacherla V-33,100888,14.9286,82.1447
Srikakulam,Srikakulam Mandal 7,Sitapatnam V-34,100889,14.9103,82.1953
Srikakulam,Srikakulam Mandal 7,Sitavada V-35,100890,14.7448,82.0844
Srikakulam,Srikakulam Mandal 8,Sriparru V-36,100891,14.8856,81.998
Srikakulam,Srikakulam Mandal 8,Ramapalle V-37,100892,14.7234,82.0101
Srikakulam,Srikakulam Mandal 8,Sriur V-38,100893,14.8931,82.0425
Srikakulam,Srikakulam Mandal 8,Srimanda V-39,100894,14.7449,82.1985
Srikakulam,Srikakulam Mandal 8,Venkatapuram V-40,100895,14.9166,82.1182
Srikakulam,Srikakulam Mandal 9,Rangapalle V-41,100896,14.7984,82.0015
Srikakulam,Srikakulam Mandal 9,Pathaur V-42,100897,14.8156,82.0671
Srikakulam,Srikakulam Mandal 9,Chinnavada V-43,100898,14.9544,82.0459
Srikakulam,Srikakulam Mandal 9,Rangacherla V-44,100899,14.6997,82.2018
Srikakulam,Srikakulam Mandal 9,Chinnapalle V-45,100900,14.803,82.1324
Tirupati,Tirupati Mandal 1,Kottacherla V-1,100901,14.4046,81.3371
Tirupati,Tirupati Mandal 1,Chinnamanda V-2,100902,14.5519,81.2556
Tirupati,Tirupati Mandal 1,Pathavada V-3,100903,14.5069,81.2988
Tirupati,Tirupati Mandal 1,Laxmiur V-4,100904,14.6121,81.2237
Tirupati,Tirupati Mandal 1,Kottaparru V-5,100905,14.3824,81.2207
Tirupati,Tirupati Mandal 2,Kottalanka V-6,100906,14.5496,81.2681
Tirupati,Tirupati Mandal 2,Kottapuram V-7,100907,14.5105,81.1834
Tirupati,Tirupati Mandal 2,Ramapatnam V-8,100908,14.3612,81.2238
Tirupati,Tirupati Mandal 2,Rangapatnam V-9,100909,14.3726,81.3559
Tirupati,Tirupati Mandal 2,Sripatnam V-10,100910,14.4593,81.2648
Tirupati,Tirupati Mandal 3,Sitalanka V-11,100911,14.4526,81.3148
Tirupati,Tirupati Mandal 3,Chinnalanka V-12,100912,14.6214,81.2558
Tirupati,Tirupati Mandal 3,Peddavada V-13,100913,14.607,81.3842
Tirupati,Tirupati Mandal 3,Laxmipuram V-14,100914,14.3911,81.3269
Tirupati,Tirupati Mandal 3,Chinnagudem V-15,100915,14.5428,81.2857
Tirupati,Tirupati Mandal 4,Chinnapalle V-16,100916,14.4325,81.3039
Tirupati,Tirupati Mandal 4,Kottaur V-17,100917,14.5855,81.1855
Tirupati,Tirupati Mandal 4,Sitamanda V-18,100918,14.3371,81.4071
Tirupati,Tirupati Mandal 4,Pathapuram V-19,100919,14.337,81.1435
Tirupati,Tirupati Mandal 4,Venkataur V-20,100920,14.3596,81.1846
Tirupati,Tirupati Mandal 5,Chinnagudem V-21,100921,14.5311,81.2978
Tirupati,Tirupati Mandal 5,Sriur V-22,100922,14.521,81.3075
Tirupati,Tirupati Mandal 5,Srimanda V-23,100923,14.5042,81.1499
Tirupati,Tirupati Mandal 5,Pathaparru V-24,100924,14.5382,81.1441
Tirupati,Tirupati Mandal 5,Pathapalle V-25,100925,14.4719,81.2914
Tirupati,Tirupati Mandal 6,Sriparru V-26,100926,14.6145,81.2161
Tirupati,Tirupati Mandal 6,Laxmipatnam V-27,100927,14.3706,81.2732
Tirupati,Tirupati Mandal 6,Peddacherla V-28,100928,14.4217,81.1096
Tirupati,Tirupati Mandal 6,Pathapalle V-29,100929,14.5731,81.3094
Tirupati,Tirupati Mandal 6,Chinnapalle V-30,100930,14.5564,81.1313
Tirupati,Tirupati Mandal 7,Pathapatnam V-31,100931,14.5158,81.2458
Tirupati,Tirupati Mandal 7,Sripatnam V-32,100932,14.4618,81.1387
Tirupati,Tirupati Mandal 7,Chinnapuram V-33,100933,14.5782,81.2168
Tirupati,Tirupati Mandal 7,Ramaur V-34,100934,14.5441,81.1372
Tirupati,Tirupati Mandal 7,Kottapuram V-35,100935,14.5781,81.3077
Tirupati,Tirupati Mandal 8,Chinnalanka V-36,100936,14.4298,81.2401
Tirupati,Tirupati Mandal 8,Rangapatnam V-37,100937,14.5861,81.1366
Tirupati,Tirupati Mandal 8,Ramavada V-38,100938,14.3567,81.2288
Tirupati,Tirupati Mandal 8,Venkatapatnam V-39,100939,14.5732,81.3157
Tirupati,Tirupati Mandal 8,Venkataur V-40,100940,14.5172,81.3478
Tirupati,Tirupati Mandal 9,Pathavada V-41,100941,14.5314,81.1263
Tirupati,Tirupati Mandal 9,Chinnapalle V-42,100942,14.4473,81.286
Tirupati,Tirupati Mandal 9,Rangacherla V-43,100943,14.3769,81.2227
Tirupati,Tirupati Mandal 9,Ramamanda V-44,100944,14.3312,81.3141
Tirupati,Tirupati Mandal 9,Chinnacherla V-45,100945,14.5987,81.1426
Visakhapatnam,Visakhapatnam Mandal 1,Srilanka V-1,100946,15.6158,76.9553
Visakhapatnam,Visakhapatnam Mandal 1,Sitamanda V-2,100947,15.8292,76.762
Visakhapatnam,Visakhapatnam Mandal 1,Ramaparru V-3,100948,15.769,76.905
Visakhapatnam,Visakhapatnam Mandal 1,Pathaur V-4,100949,15.8106,76.7694
Visakhapatnam,Visakhapatnam Mandal 1,Ramaur V-5,100950,15.6567,76.9427
Visakhapatnam,Visakhapatnam Mandal 2,Rangapuram V-6,100951,15.6156,76.9751
Visakhapatnam,Visakhapatnam Mandal 2,Sitacherla V-7,100952,15.8676,76.9556
Visakhapatnam,Visakhapatnam Mandal 2,Pathacherla V-8,100953,15.7083,76.7941
Visakhapatnam,Visakhapatnam Mandal 2,Sripuram V-9,100954,15.7641,76.8599
Visakhapatnam,Visakhapatnam Mandal 2,Laxmiur V-10,100955,15.8572,76.7184
Visakhapatnam,Visakhapatnam Mandal 3,Venkatamanda V-11,100956,15.7465,76.9518
Visakhapatnam,Visakhapatnam Mandal 3,Venkatalanka V-12,100957,15.6477,76.844
Visakhapatnam,Visakhapatnam Mandal 3,Kottapalle V-13,100958,15.7331,76.7055
Visakhapatnam,Visakhapatnam Mandal 3,Sitapuram V-14,100959,15.8598,76.9323
Visakhapatnam,Visakhapatnam Mandal 3,Rangapatnam V-15,100960,15.8791,76.8635
Visakhapatnam,Visakhapatnam Mandal 4,Venkatalanka V-16,100961,15.7211,76.7111
Visakhapatnam,Visakhapatnam Mandal 4,Peddacherla V-17,100962,15.7117,76.925
Visakhapatnam,Visakhapatnam Mandal 4,Rangacherla V-18,100963,15.8271,76.8038
Visakhapatnam,Visakhapatnam Mandal 4,Venkatapalle V-19,100964,15.6413,76.8925
Visakhapatnam,Visakhapatnam Mandal 4,Kottalanka V-20,100965,15.7186,76.8849
Visakhapatnam,Visakhapatnam Mandal 5,Sriparru V-21,100966,15.7687,76.9054
Visakhapatnam,Visakhapatnam Mandal 5,Kottavada V-22,100967,15.7598,76.9413
Visakhapatnam,Visakhapatnam Mandal 5,Laxmipalle V-23,100968,15.6884,76.7536
Visakhapatnam,Visakhapatnam Mandal 5,Pathaur V-24,100969,15.6767,76.9422
Visakhapatnam,Visakhapatnam Mandal 5,Peddalanka V-25,100970,15.6444,76.8191
Visakhapatnam,Visakhapatnam Mandal 6,Rangapalle V-26,100971,15.8437,76.8299
Visakhapatnam,Visakhapatnam Mandal 6,Rangaparru V-27,100972,15.6525,76.8444
Visakhapatnam,Visakhapatnam Mandal 6,Sitapuram V-28,100973,15.778,76.8246
Visakhapatnam,Visakhapatnam Mandal 6,Rangacherla V-29,100974,15.8894,76.9291
Visakhapatnam,Visakhapatnam Mandal 6,Chinnamanda V-30,100975,15.6642,76.9394
Visakhapatnam,Visakhapatnam Mandal 7,Pathaur V-31,100976,15.8093,76.8766
Visakhapatnam,Visakhapatnam Mandal 7,Ramaparru V-32,100977,15.8765,76.8204
Visakhapatnam,Visakhapatnam Mandal 7,Rangagudem V-33,100978,15.6941,76.9839
Visakhapatnam,Visakhapatnam Mandal 7,Sricherla V-34,100979,15.8535,76.7362
Visakhapatnam,Visakhapatnam Mandal 7,Rangaparru V-35,100980,15.7017,76.9052
Visakhapatnam,Visakhapatnam Mandal 8,Ramaparru V-36,100981,15.8018,76.7551
Visakhapatnam,Visakhapatnam Mandal 8,Rangapatnam V-37,100982,15.818,76.9711
Visakhapatnam,Visakhapatnam Mandal 8,Chinnavada V-38,100983,15.7632,76.9031
Visakhapatnam,Visakhapatnam Mandal 8,Ramapalle V-39,100984,15.8403,76.8635
Visakhapatnam,Visakhapatnam Mandal 8,Rangamanda V-40,100985,15.8949,76.9078
Visakhapatnam,Visakhapatnam Mandal 9,Sitapatnam V-41,100986,15.8753,76.8215
Visakhapatnam,Visakhapatnam Mandal 9,Kottaparru V-42,100987,15.644,76.8091
Visakhapatnam,Visakhapatnam Mandal 9,Kottapuram V-43,100988,15.672,76.9198
Visakhapatnam,Visakhapatnam Mandal 9,Chinnapatnam V-44,100989,15.8171,76.7387
Visakhapatnam,Visakhapatnam Mandal 9,Kottapatnam V-45,100990,15.6733,76.8571
Vizianagaram,Vizianagaram Mandal 1,Rangaparru V-1,100991,15.5822,79.9672
Vizianagaram,Vizianagaram Mandal 1,Sitaur V-2,100992,15.394,79.9798
Vizianagaram,Vizianagaram Mandal 1,Sripuram V-3,100993,15.6007,79.8607
Vizianagaram,Vizianagaram Mandal 1,Ramaparru V-4,100994,15.3389,79.9676
Vizianagaram,Vizianagaram Mandal 1,Peddamanda V-5,100995,15.5834,80.0026
Vizianagaram,Vizianagaram Mandal 2,Venkatagudem V-6,100996,15.5962,79.9558
Vizianagaram,Vizianagaram Mandal 2,Ramamanda V-7,100997,15.4867,79.9255
Vizianagaram,Vizianagaram Mandal 2,Peddapatnam V-8,100998,15.4574,80.0395
Vizianagaram,Vizianagaram Mandal 2,Pathavada V-9,100999,15.6115,79.965
Vizianagaram,Vizianagaram Mandal 2,Pathaur V-10,101000,15.3349,79.8282
Vizianagaram,Vizianagaram Mandal 3,Srivada V-11,101001,15.371,79.9983
Vizianagaram,Vizianagaram Mandal 3,Kottalanka V-12,101002,15.4627,80.0257
Vizianagaram,Vizianagaram Mandal 3,Kottavada V-13,101003,15.6013,79.9235
Vizianagaram,Vizianagaram Mandal 3,Rangapatnam V-14,101004,15.4699,79.9163
Vizianagaram,Vizianagaram Mandal 3,Ramapalle V-15,101005,15.558,79.8398
Vizianagaram,Vizianagaram Mandal 4,Peddavada V-16,101006,15.4789,79.9803
Vizianagaram,Vizianagaram Mandal 4,Chinnaur V-17,101007,15.4857,79.8655
Vizianagaram,Vizianagaram Mandal 4,Ramagudem V-18,101008,15.5878,79.9435
Vizianagaram,Vizianagaram Mandal 4,Ramalanka V-19,101009,15.4108,80.0296
Vizianagaram,Vizianagaram Mandal 4,Rangaparru V-20,101010,15.4652,79.9129
Vizianagaram,Vizianagaram Mandal 5,Kottapalle V-21,101011,15.5234,79.8782
Vizianagaram,Vizianagaram Mandal 5,Rangamanda V-22,101012,15.3959,79.7564
Vizianagaram,Vizianagaram Mandal 5,Ramaur V-23,101013,15.5975,80.028
Vizianagaram,Vizianagaram Mandal 5,Laxmipatnam V-24,101014,15.4848,79.8293
Vizianagaram,Vizianagaram Mandal 5,Sitalanka V-25,101015,15.477,79.8971
Vizianagaram,Vizianagaram Mandal 6,Venkatapuram V-26,101016,15.4117,79.9399
Vizianagaram,Vizianagaram Mandal 6,Ramaparru V-27,101017,15.3475,79.7732
Vizianagaram,Vizianagaram Mandal 6,Sitaparru V-28,101018,15.325,79.7641
Vizianagaram,Vizianagaram Mandal 6,Peddaur V-29,101019,15.5735,79.8061
Vizianagaram,Vizianagaram Mandal 6,Laxmipalle V-30,101020,15.5468,79.7906
Vizianagaram,Vizianagaram Mandal 7,Venkatalanka V-31,101021,15.3341,79.7664
Vizianagaram,Vizianagaram Mandal 7,Chinnapatnam V-32,101022,15.4902,79.9169
Vizianagaram,Vizianagaram Mandal 7,Peddapatnam V-33,101023,15.445,79.8798
Vizianagaram,Vizianagaram Mandal 7,Laxmiur V-34,101024,15.4177,79.8613
Vizianagaram,Vizianagaram Mandal 7,Pathaparru V-35,101025,15.3245,79.9605
Vizianagaram,Vizianagaram Mandal 8,Pathamanda V-36,101026,15.3364,79.9989
Vizianagaram,Vizianagaram Mandal 8,Ramaparru V-37,101027,15.3546,79.9805
Vizianagaram,Vizianagaram Mandal 8,Srimanda V-38,101028,15.3487,79.974
Vizianagaram,Vizianagaram Mandal 8,Venkataur V-39,101029,15.4413,79.9427
Vizianagaram,Vizianagaram Mandal 8,Venkatavada V-40,101030,15.4828,79.7854
Vizianagaram,Vizianagaram Mandal 9,Laxmiparru V-41,101031,15.4112,79.9347
Vizianagaram,Vizianagaram Mandal 9,Srilanka V-42,101032,15.61,79.7478
Vizianagaram,Vizianagaram Mandal 9,Sitavada V-43,101033,15.3597,79.746
Vizianagaram,Vizianagaram Mandal 9,Rangaur V-44,101034,15.4839,80.0286
Vizianagaram,Vizianagaram Mandal 9,Srigudem V-45,101035,15.5472,80.0155
West Godavari,West Godavari Mandal 1,Sitavada V-1,101036,15.2895,79.5111
West Godavari,West Godavari Mandal 1,Srigudem V-2,101037,15.2756,79.6462
West Godavari,West Godavari Mandal 1,Rangapuram V-3,101038,15.4966,79.7246
West Godavari,West Godavari Mandal 1,Sitacherla V-4,101039,15.4346,79.4669
West Godavari,West Godavari Mandal 1,Pathapatnam V-5,101040,15.2706,79.6626
West Godavari,West Godavari Mandal 2,Venkatalanka V-6,101041,15.3483,79.6463
West Godavari,West Godavari Mandal 2,Peddapalle V-7,101042,15.3267,79.4659
West Godavari,West Godavari Mandal 2,Peddalanka V-8,101043,15.3869,79.5434
West Godavari,West Godavari Mandal 2,Srimanda V-9,101044,15.2869,79.615
West Godavari,West Godavari Mandal 2,Ramaur V-10,101045,15.2918,79.5389
West Godavari,West Godavari Mandal 3,Peddaur V-11,101046,15.3242,79.5528
West Godavari,West Godavari Mandal 3,Ramacherla V-12,101047,15.38,79.5525
West Godavari,West Godavari Mandal 3,Sricherla V-13,101048,15.4067,79.4976
West Godavari,West Godavari Mandal 3,Rangapalle V-14,101049,15.4937,79.7025
West Godavari,West Godavari Mandal 3,Chinnaparru V-15,101050,15.3001,79.665
West Godavari,West Godavari Mandal 4,Pathapalle V-16,101051,15.5088,79.6998
West Godavari,West Godavari Mandal 4,Kottamanda V-17,101052,15.4149,79.6757
West Godavari,West Godavari Mandal 4,Peddapuram V-18,101053,15.4067,79.6079
West Godavari,West Godavari Mandal 4,Sitacherla V-19,101054,15.4374,79.4895
West Godavari,West Godavari Mandal 4,Laxmigudem V-20,101055,15.5086,79.6218
West Godavari,West Godavari Mandal 5,Srivada V-21,101056,15.3806,79.598
West Godavari,West Godavari Mandal 5,Laxmilanka V-22,101057,15.3918,79.6437
West Godavari,West Godavari Mandal 5,Rangavada V-23,101058,15.4683,79.487
West Godavari,West Godavari Mandal 5,Chinnavada V-24,101059,15.4111,79.6147
West Godavari,West Godavari Mandal 5,Chinnacherla V-25,101060,15.5229,79.457
West Godavari,West Godavari Mandal 6,Venkatagudem V-26,101061,15.26,79.5557
West Godavari,West Godavari Mandal 6,Kottagudem V-27,101062,15.3965,79.6823
West Godavari,West Godavari Mandal 6,Laxmicherla V-28,101063,15.5166,79.7094
West Godavari,West Godavari Mandal 6,Kottalanka V-29,101064,15.2722,79.7354
West Godavari,West Godavari Mandal 6,Sripatnam V-30,101065,15.4148,79.616
West Godavari,West Godavari Mandal 7,Laxmiur V-31,101066,15.3508,79.6409
West Godavari,West Godavari Mandal 7,Pathaparru V-32,101067,15.3167,79.7367
West Godavari,West Godavari Mandal 7,Peddaparru V-33,101068,15.3629,79.6901
West Godavari,West Godavari Mandal 7,Ramacherla V-34,101069,15.479,79.7111
West Godavari,West Godavari Mandal 7,Kottaparru V-35,101070,15.5058,79.5769
West Godavari,West Godavari Mandal 8,Peddapalle V-36,101071,15.3955,79.5292
West Godavari,West Godavari Mandal 8,Chinnavada V-37,101072,15.2884,79.6255
West Godavari,West Godavari Mandal 8,Pathagudem V-38,101073,15.3656,79.544
West Godavari,West Godavari Mandal 8,Pathacherla V-39,101074,15.4438,79.5886
West Godavari,West Godavari Mandal 8,Rangavada V-40,101075,15.4354,79.5682
West Godavari,West Godavari Mandal 9,Peddapuram V-41,101076,15.2795,79.6226
West Godavari,West Godavari Mandal 9,Chinnaparru V-42,101077,15.2529,79.6166
West Godavari,West Godavari Mandal 9,Kottavada V-43,101078,15.3187,79.4989
West Godavari,West Godavari Mandal 9,Laxmimanda V-44,101079,15.532,79.6362
West Godavari,West Godavari Mandal 9,Sripalle V-45,101080,15.3062,79.6269
Y.S.R. Kadapa,Y.S.R. Kadapa Mandal 1,Peddaur V-1,101081,16.123,80.2009
Y.S.R. Kadapa,Y.S.R. Kadapa Mandal 1,Chinnamanda V-2,101082,16.1407,80.0419
Y.S.R. Kadapa,Y.S.R. Kadapa Mandal 1,Ramacherla V-3,101083,16.1217,79.9832
Y.S.R. Kadapa,Y.S.R. Kadapa Mandal 1,Laxmiur V-4,101084,15.9824,79.9675
Y.S.R. Kadapa,Y.S.R. Kadapa Mandal 1,Sitaparru V-5,101085,16.1481,80.2105
Y.S.R. Kadapa,Y.S.R. Kadapa Mandal 2,Rangapalle V-6,101086,15.996,80.233
Y.S.R. Kadapa,Y.S.R. Kadapa Mandal 2,Rangapuram V-7,101087,16.2061,80.1219
Y.S.R. Kadapa,Y.S.R. Kadapa Mandal 2,Pathapalle V-8,101088,16.0874,80.0016
Y.S.R. Kadapa,Y.S.R. Kadapa Mandal 2,Rangaparru V-9,101089,16.191,80.2316
Y.S.R. Kadapa,Y.S.R. Kadapa Mandal 2,Laxmiparru V-10,101090,16.069,80.225
Y.S.R. Kadapa,Y.S.R. Kadapa Mandal 3,Sitaur V-11,101091,16.0116,80.2032
Y.S.R. Kadapa,Y.S.R. Kadapa Mandal 3,Laxmilanka V-12,101092,16.1195,80.1849
Y.S.R. Kadapa,Y.S.R. Kadapa Mandal 3,Rangapalle V-13,101093,16.0704,80.0389
Y.S.R. Kadapa,Y.S.R. Kadapa Mandal 3,Peddapalle V-14,101094,16.0278,80.2255
Y.S.R. Kadapa,Y.S.R. Kadapa Mandal 3,Laxmipatnam V-15,101095,15.9995,80.1753
Y.S.R. Kadapa,Y.S.R. Kadapa Mandal 4,Kottamanda V-16,101096,16.0995,80.1184
Y.S.R. Kadapa,Y.S.R. Kadapa Mandal 4,Laxmigudem V-17,101097,16.1491,80.0573
Y.S.R. Kadapa,Y.S.R. Kadapa Mandal 4,Ramapalle V-18,101098,15.9892,80.158
Y.S.R. Kadapa,Y.S.R. Kadapa Mandal 4,Sripatnam V-19,101099,16.1993,80.0896
Y.S.R. Kadapa,Y.S.R. Kadapa Mandal 4,Ramamanda V-20,101100,16.0254,80.1667
Y.S.R. Kadapa,Y.S.R. Kadapa Mandal 5,Peddaur V-21,101101,16.1084,80.1298
Y.S.R. Kadapa,Y.S.R. Kadapa Mandal 5,Chinnalanka V-22,101102,16.1105,80.1076
Y.S.R. Kadapa,Y.S.R. Kadapa Mandal 5,Srimanda V-23,101103,16.0461,80.1742
Y.S.R. Kadapa,Y.S.R. Kadapa Mandal 5,Chinnapalle V-24,101104,16.1671,80.0965
Y.S.R. Kadapa,Y.S.R. Kadapa Mandal 5,Chinnapalle V-25,101105,16.0071,80.0827
Y.S.R. Kadapa,Y.S.R. Kadapa Mandal 6,Ramaparru V-26,101106,16.127,80.1679
Y.S.R. Kadapa,Y.S.R. Kadapa Mandal 6,Kottavada V-27,101107,16.0595,80.1533
Y.S.R. Kadapa,Y.S.R. Kadapa Mandal 6,Pathavada V-28,101108,16.0843,80.1426
Y.S.R. Kadapa,Y.S.R. Kadapa Mandal 6,Pathapalle V-29,101109,16.0217,80.0738
Y.S.R. Kadapa,Y.S.R. Kadapa Mandal 6,Rangapuram V-30,101110,16.1601,80.2417
Y.S.R. Kadapa,Y.S.R. Kadapa Mandal 7,Laxmimanda V-31,101111,16.1396,80.0485
Y.S.R. Kadapa,Y.S.R. Kadapa Mandal 7,Rangapuram V-32,101112,16.2265,80.2086
Y.S.R. Kadapa,Y.S.R. Kadapa Mandal 7,Venkatacherla V-33,101113,15.946,80.2177
Y.S.R. Kadapa,Y.S.R. Kadapa Mandal 7,Sitapatnam V-34,101114,16.0012,80.1977
Y.S.R. Kadapa,Y.S.R. Kadapa Mandal 7,Sitaparru V-35,101115,16.1523,80.1471
Y.S.R. Kadapa,Y.S.R. Kadapa Mandal 8,Kottalanka V-36,101116,16.0146,79.9626
Y.S.R. Kadapa,Y.S.R. Kadapa Mandal 8,Chinnapalle V-37,101117,16.2418,80.1964
Y.S.R. Kadapa,Y.S.R. Kadapa Mandal 8,Ramaur V-38,101118,16.0644,80.0226
Y.S.R. Kadapa,Y.S.R. Kadapa Mandal 8,Kottapalle V-39,101119,16.2185,80.1274
Y.S.R. Kadapa,Y.S.R. Kadapa Mandal 8,Sitamanda V-40,101120,16.0472,80.2515
Y.S.R. Kadapa,Y.S.R. Kadapa Mandal 9,Srigudem V-41,101121,16.1247,80.0209
Y.S.R. Kadapa,Y.S.R. Kadapa Mandal 9,Laxmimanda V-42,101122,15.9442,80.015
Y.S.R. Kadapa,Y.S.R. Kadapa Mandal 9,Sitapalle V-43,101123,16.1104,80.1135
Y.S.R. Kadapa,Y.S.R. Kadapa Mandal 9,Ramapalle V-44,101124,16.1837,80.2495
Y.S.R. Kadapa,Y.S.R. Kadapa Mandal 9,Sitamanda V-45,101125,16.0178,80.0953
